,aid,title,url,date,time,length,play,danmaku,review,favorites,coin
0,9984132,黑桐谷歌【塞尔达传说-荒野之息】04,http://www.bilibili.com/video/av9984132,2017-04-20,23:50:07,51:35,48335,2404,637,292,1741
1,9915445,黑桐谷歌【塞尔达传说-荒野之息】03,http://www.bilibili.com/video/av9915445,2017-04-18,00:00:04,53:41,102256,3519,677,421,2831
2,9825238,黑桐谷歌【塞尔达传说-荒野之息】02,http://www.bilibili.com/video/av9825238,2017-04-14,00:03:21,56:56,135841,3736,797,555,3688
3,9800429,黑桐谷歌【塞尔达传说-荒野之息】01,http://www.bilibili.com/video/av9800429,2017-04-13,00:00:00,57:31,280068,7456,1732,1960,9173
4,9108412,黑桐谷歌【仁王】19 女王之眼 （完）,http://www.bilibili.com/video/av9108412,2017-03-11,23:00:10,18:05,116901,1465,578,264,3702
5,9085004,黑桐谷歌【仁王】18 魔王耀变,http://www.bilibili.com/video/av9085004,2017-03-10,23:00:44,50:52,103609,3116,475,233,1936
6,9039363,黑桐谷歌【仁王】17 佐和山的武士,http://www.bilibili.com/video/av9039363,2017-03-09,23:00:20,22:10,63698,1022,225,164,1089
7,9039166,黑桐谷歌【仁王】16 不净灵山,http://www.bilibili.com/video/av9039166,2017-03-08,23:00:22,23:03,73245,1232,264,154,1111
8,9021201,黑桐谷歌【仁王】15 逢魔之源,http://www.bilibili.com/video/av9021201,2017-03-07,23:00:02,10:57,74347,861,266,166,1184
9,9006343,黑桐谷歌【仁王】14 关原,http://www.bilibili.com/video/av9006343,2017-03-07,05:00:48,16:19,78801,1263,331,178,1164
10,9006101,黑桐谷歌【仁王】13 不死之焰,http://www.bilibili.com/video/av9006101,2017-03-06,05:00:47,24:54,83099,1471,418,180,1283
11,8995016,黑桐谷歌【仁王】12 秽土之城,http://www.bilibili.com/video/av8995016,2017-03-05,11:27:39,25:10,95039,1843,400,256,1375
12,8970891,黑桐谷歌【仁王】11 对彼岸的思念,http://www.bilibili.com/video/av8970891,2017-03-04,10:49:12,13:05,99236,1041,464,240,1462
13,8932509,黑桐谷歌【仁王】10 横越伊贺,http://www.bilibili.com/video/av8932509,2017-03-02,20:16:09,18:13,89913,1151,423,207,1361
14,8923362,黑桐谷歌【仁王】09 比睿山的魔物,http://www.bilibili.com/video/av8923362,2017-03-02,05:19:45,19:05,76422,1207,389,181,1203
15,8911597,黑桐谷歌【仁王】08 潸然落雪,http://www.bilibili.com/video/av8911597,2017-03-01,11:08:10,17:09,100248,1275,487,337,1615
16,8882485,黑桐谷歌【仁王】07 信贵山的蜘蛛,http://www.bilibili.com/video/av8882485,2017-02-27,22:39:04,42:52,124396,2121,395,332,1613
17,8835946,黑桐谷歌【仁王】06 海鸣又起,http://www.bilibili.com/video/av8835946,2017-02-25,11:04:20,17:54,94302,1359,488,222,1938
18,8809818,黑桐谷歌【仁王】05 蠢动的银矿,http://www.bilibili.com/video/av8809818,2017-02-24,09:23:19,21:29,91673,1098,417,198,1393
19,8793451,黑桐谷歌【仁王】04 沉睡的灵石,http://www.bilibili.com/video/av8793451,2017-02-23,11:26:49,28:15,100870,1990,445,221,1463
20,8774110,黑桐谷歌【仁王】03 黑暗深处,http://www.bilibili.com/video/av8774110,2017-02-22,10:22:19,20:37,120166,1463,686,282,1632
21,8762198,【仁王·真剑胜负挑战杯】强者之道·真·立花宗茂 禁道具 禁服装 禁饰品 无伤,http://www.bilibili.com/video/av8762198,2017-02-22,00:08:32,02:10,97182,329,720,264,1655
22,8756283,黑桐谷歌【仁王】02 恶鬼栖息之岛,http://www.bilibili.com/video/av8756283,2017-02-21,11:00:40,30:03,145316,1706,652,328,2172
23,8749046,黑桐谷歌【仁王】01 拥有精灵的男人,http://www.bilibili.com/video/av8749046,2017-02-21,05:24:11,26:33,277806,3220,1177,952,3576
24,8664005,仁王直播实况录像【黑桐谷歌】2017-02-16 共5P,http://www.bilibili.com/video/av8664005,2017-02-17,00:48:17,287:49,253849,7709,632,1176,2791
25,8647869,黑桐谷歌【生化危机7】视频攻略 08 完,http://www.bilibili.com/video/av8647869,2017-02-16,02:38:14,56:09,157400,4838,1021,501,6436
26,8627676,黑桐谷歌【生化危机7】视频攻略  07,http://www.bilibili.com/video/av8627676,2017-02-15,01:27:35,50:10,166677,3987,930,501,6870
27,8561216,黑桐谷歌【生化危机7】视频攻略 06,http://www.bilibili.com/video/av8561216,2017-02-11,12:09:18,48:36,201338,5005,1562,571,5783
28,8486251,黑桐谷歌【生化危机7】视频攻略 05,http://www.bilibili.com/video/av8486251,2017-02-08,06:20:43,58:36,221762,7067,2048,593,7397
29,8453761,黑桐谷歌【生化危机7】视频攻略 04,http://www.bilibili.com/video/av8453761,2017-02-06,22:22:13,52:13,209849,5742,1381,562,6885
30,8417610,黑桐谷歌【生化危机7】视频攻略 03,http://www.bilibili.com/video/av8417610,2017-02-05,04:29:12,43:47,201164,5212,1353,567,6857
31,8398007,黑桐谷歌【生化危机7】视频攻略 02,http://www.bilibili.com/video/av8398007,2017-02-04,05:46:01,44:36,221708,5907,1386,685,7583
32,8376524,黑桐谷歌【生化危机7】视频攻略 01,http://www.bilibili.com/video/av8376524,2017-02-03,05:39:09,42:04,325574,7122,1727,1623,9737
33,8179668,黑桐谷歌【最终幻想15】一些小技巧分享 （全4期 更新中）,http://www.bilibili.com/video/av8179668,2017-01-23,08:15:56,154:27,165175,3416,1104,1780,3332
34,8002600,你若安好 便是擎天【汽车修理工模拟2015】实况解说,http://www.bilibili.com/video/av8002600,2017-01-14,00:47:55,83:47,185984,2761,705,1191,2313
35,7760727,【最终幻想15国行版】伊格尼斯的料理大全,http://www.bilibili.com/video/av7760727,2016-12-29,23:34:25,18:29,159560,2906,1075,3538,5148
36,7644257,黑桐谷歌【看门狗2】14 完结合集,http://www.bilibili.com/video/av7644257,2016-12-22,05:07:24,77:16,166164,3209,606,953,3614
37,7570248,黑桐谷歌【看门狗2】09 10 11 12,http://www.bilibili.com/video/av7570248,2016-12-17,06:29:29,140:39,246538,7032,760,894,4888
38,7371089,黑桐谷歌【看门狗2】05 06 07 08,http://www.bilibili.com/video/av7371089,2016-12-03,10:53:24,133:36,279863,6707,1025,910,5301
39,7270066,黑桐谷歌【看门狗2】04 甜美家园,http://www.bilibili.com/video/av7270066,2016-11-26,10:50:56,38:05,139673,2316,554,596,3958
40,7257666,黑桐谷歌【看门狗2】01 02 03,http://www.bilibili.com/video/av7257666,2016-11-25,22:43:36,126:37,440757,8557,1190,2199,7858
41,7010272,黑桐谷歌【泰坦天降2】07 完结合集,http://www.bilibili.com/video/av7010272,2016-11-07,22:43:58,269:26,359799,4519,1260,2843,8589
42,6988873,黑桐谷歌【泰坦天降2】06 圣柜,http://www.bilibili.com/video/av6988873,2016-11-06,05:01:57,230:48,180277,3006,741,522,4961
43,6948635,黑桐谷歌【泰坦天降2】05 信号台,http://www.bilibili.com/video/av6948635,2016-11-03,22:09:48,191:54,175347,3642,885,496,5684
44,6936698,黑桐谷歌【泰坦天降2】04 因果,http://www.bilibili.com/video/av6936698,2016-11-02,22:44:56,147:53,159874,3347,541,491,4748
45,6924759,黑桐谷歌【泰坦天降2】03 踏入虚空,http://www.bilibili.com/video/av6924759,2016-11-01,22:29:21,116:23,194250,2644,862,599,5286
46,6914895,黑桐谷歌【泰坦天降2】02 鲜血与铁锈,http://www.bilibili.com/video/av6914895,2016-11-01,01:42:54,29:27,200231,1763,859,484,5686
47,6900263,黑桐谷歌【泰坦天降2】01 BT-7274,http://www.bilibili.com/video/av6900263,2016-10-30,22:49:17,47:19,467007,2991,2361,3078,10033
48,6483543,【黑桐丧尸的谷歌围城】视频攻略 完结合集,http://www.bilibili.com/video/av6483543,2016-10-01,03:32:28,80:00,240390,6485,1024,1105,4805
49,6452292,【黑桐丧尸的谷歌围城】视频攻略 04,http://www.bilibili.com/video/av6452292,2016-09-28,10:47:16,59:04,154216,4069,784,403,2643
50,6380834,【黑桐丧尸的谷歌围城】视频攻略 03,http://www.bilibili.com/video/av6380834,2016-09-22,22:52:15,45:35,161004,3809,556,425,2829
51,6350661,【黑桐丧尸的谷歌围城】视频攻略 02,http://www.bilibili.com/video/av6350661,2016-09-20,00:54:57,55:41,201432,4025,711,549,3041
52,6329178,【黑桐丧尸的谷歌围城】视频攻略 01,http://www.bilibili.com/video/av6329178,2016-09-17,23:49:30,70:00,437173,8135,1592,1714,5284
53,6004938,【血与酒】黑桐谷歌视频攻略 08-2 下 童话现身,http://www.bilibili.com/video/av6004938,2016-08-25,05:51:35,67:00,97623,2872,875,340,2729
54,5997615,【血与酒】黑桐谷歌视频攻略 08-2 上 童话现身,http://www.bilibili.com/video/av5997615,2016-08-24,22:09:34,79:00,97444,5882,627,356,1947
55,5876410,【血与酒】黑桐谷歌视频攻略 08-1 下 暗影长者,http://www.bilibili.com/video/av5876410,2016-08-17,21:19:00,44:25,117113,3235,960,400,2008
56,5861008,【血与酒】黑桐谷歌视频攻略 08-1 上 暗影长者,http://www.bilibili.com/video/av5861008,2016-08-16,23:46:09,54:42,97908,3735,1201,357,1836
57,5726734,【血与酒】黑桐谷歌视频攻略 07 攻下一城,http://www.bilibili.com/video/av5726734,2016-08-09,01:34:47,29:20,79237,1924,713,278,1767
58,5657541,【血与酒】黑桐谷歌视频攻略 06 辛特拉之男,http://www.bilibili.com/video/av5657541,2016-08-04,22:41:56,53:18,85264,2800,663,286,2122
59,5574646,【血与酒】黑桐谷歌视频攻略 05 美酒是神圣的,http://www.bilibili.com/video/av5574646,2016-07-30,20:59:40,53:39,100914,3390,986,364,2534
60,5546901,【PV精选】初音 Project DIVA Future Tone （更新中）,http://www.bilibili.com/video/av5546901,2016-07-29,01:53:00,09:55,154465,5508,2005,8597,3254
61,5233619,【血与酒】黑桐谷歌视频攻略 04 愚人之笼 下,http://www.bilibili.com/video/av5233619,2016-07-07,00:05:42,39:48,97676,2250,752,296,1815
62,5218845,【血与酒】黑桐谷歌视频攻略 03 愚人之笼 上,http://www.bilibili.com/video/av5218845,2016-07-05,21:40:37,47:55,98377,2605,439,296,1718
63,5207182,【血与酒】黑桐谷歌视频攻略 马之灵,http://www.bilibili.com/video/av5207182,2016-07-04,23:14:06,30:46,104951,2624,777,350,2096
64,5158461,【血与酒】黑桐谷歌视频攻略 昆特牌 鲍克兰大赛,http://www.bilibili.com/video/av5158461,2016-07-01,02:34:55,38:35,94646,1763,482,351,1657
65,5144290,【血与酒】黑桐谷歌视频攻略 甜美家园 顾客永远是对的,http://www.bilibili.com/video/av5144290,2016-06-29,23:12:48,55:05,102839,3487,587,349,1947
66,5123718,【血与酒】黑桐谷歌视频攻略 湖女之剑,http://www.bilibili.com/video/av5123718,2016-06-28,02:52:04,62:00,173727,5562,683,856,2537
67,5085402,【血与酒】黑桐谷歌视频攻略 02,http://www.bilibili.com/video/av5085402,2016-06-24,23:14:35,55:58,140105,3754,870,421,2912
68,5072904,【血与酒】黑桐谷歌视频攻略 01,http://www.bilibili.com/video/av5072904,2016-06-23,21:02:47,71:00,318671,6197,1324,1224,5349
69,4902776,我的小美终于拿最佳了~留个纪念,http://www.bilibili.com/video/av4902776,2016-06-08,02:44:23,06:54,392548,1674,966,1718,3999
70,4741063,【勇者斗恶龙 创造】实况 04 终章 拉达托姆篇,http://www.bilibili.com/video/av4741063,2016-05-22,23:55:18,238:21,195037,10115,630,1141,2712
71,4729034,【勇者斗恶龙 创造】实况 03 麦拉·加雷亚篇,http://www.bilibili.com/video/av4729034,2016-05-21,22:00:59,202:03,180416,7216,637,1052,2116
72,4696341,【勇者斗恶龙 创造】实况 02 利姆而达篇,http://www.bilibili.com/video/av4696341,2016-05-18,20:50:49,185:16,228490,8647,526,1377,3015
73,4646930,【勇者斗恶龙 创造】实况 01 麦尔基德篇,http://www.bilibili.com/video/av4646930,2016-05-13,23:34:01,183:08,414681,16033,1093,2999,5974
74,4618851,神秘海域4直播录像,http://www.bilibili.com/video/av4618851,2016-05-10,22:56:07,64:00,543047,37152,1392,5294,6976
75,4609849,【黑暗之魂3】黑桐谷歌视频攻略 完 无名王者 洛里安王子 薪王们的化身,http://www.bilibili.com/video/av4609849,2016-05-09,21:31:22,89:00,478169,12024,1870,2408,12862
76,4590790,【黑暗之魂3】黑桐谷歌视频攻略 19 古龙顶端 古老飞龙,http://www.bilibili.com/video/av4590790,2016-05-07,21:48:52,65:00,279119,6148,705,1055,3795
77,4578111,【黑暗之魂3】黑桐谷歌视频攻略 18 大书库,http://www.bilibili.com/video/av4578111,2016-05-06,18:26:08,56:30,252721,5920,700,1072,4049
78,4560923,【黑暗之魂3】黑桐谷歌视频攻略 17 洛斯里克城 猎龙铠甲,http://www.bilibili.com/video/av4560923,2016-05-04,19:59:38,61:00,285860,5369,703,1114,3619
79,4553114,【黑暗之魂3】黑桐谷歌视频攻略 16 冷冽谷的舞娘 妖王欧斯罗艾斯 英雄古达,http://www.bilibili.com/video/av4553114,2016-05-03,22:37:25,80:00,365309,9002,1104,1265,5058
80,4510948,【黑暗之魂3】黑桐谷歌视频攻略 15 亚诺尔隆德 埃尔德里奇,http://www.bilibili.com/video/av4510948,2016-04-30,02:43:41,72:00,346596,10041,1005,1313,4585
81,4499083,【黑暗之魂3】黑桐谷歌视频攻略 14 地下监牢-下 罪业之都-下  巨人尤姆 教宗沙力万,http://www.bilibili.com/video/av4499083,2016-04-29,01:06:36,50:42,300809,5642,664,1121,4501
82,4489015,【黑暗之魂3】黑桐谷歌视频攻略 13 伊鲁席尔地下监牢-上 罪业之都-上,http://www.bilibili.com/video/av4489015,2016-04-27,19:30:04,54:36,310867,6057,757,1114,4122
83,4469434,【黑暗之魂3】黑桐谷歌视频攻略 12 冷冽谷 老恶魔王,http://www.bilibili.com/video/av4469434,2016-04-25,07:19:26,63:00,359755,8049,1106,1223,4420
84,4458385,【黑暗之魂3】黑桐谷歌视频攻略 11 熏烟湖 霸王沃尼尔,http://www.bilibili.com/video/av4458385,2016-04-24,04:11:37,34:22,289100,4630,970,1087,4786
85,4453637,【黑暗之魂3】黑桐谷歌视频攻略 10 卡萨斯的地下墓穴,http://www.bilibili.com/video/av4453637,2016-04-23,20:13:54,51:47,317866,6731,920,1198,4097
86,4441220,【黑暗之魂3】黑桐谷歌视频攻略 09 深渊监视者,http://www.bilibili.com/video/av4441220,2016-04-22,13:24:42,41:47,318926,5106,931,1261,4009
87,4433158,【黑暗之魂3】黑桐谷歌视频攻略 08 幽邃教堂-内部 幽邃主教群,http://www.bilibili.com/video/av4433158,2016-04-21,22:27:03,59:21,331019,6738,726,1218,4159
88,4426361,【黑暗之魂3】黑桐谷歌视频攻略 07 幽邃教堂-外围,http://www.bilibili.com/video/av4426361,2016-04-21,01:44:59,41:46,310698,4824,742,1210,4156
89,4424575,【黑暗之魂3】黑桐谷歌视频攻略 06 法兰要塞 结晶老者,http://www.bilibili.com/video/av4424575,2016-04-20,20:40:08,68:00,385902,6796,656,1375,4728
90,4411062,【黑暗之魂3】黑桐谷歌视频攻略 05 磔罚森林,http://www.bilibili.com/video/av4411062,2016-04-19,03:34:03,41:34,394575,5797,954,1386,4806
91,4384334,【黑暗之魂3】黑桐谷歌视频攻略 04 不死聚落-下 咒蚀大树 活祭品之路,http://www.bilibili.com/video/av4384334,2016-04-16,08:06:07,49:41,423593,6819,1136,1469,6709
92,4378019,【黑暗之魂3】黑桐谷歌视频攻略 03 不死聚落-上,http://www.bilibili.com/video/av4378019,2016-04-15,22:21:56,68:00,508467,8448,980,1791,7582
93,4368010,【黑暗之魂3】黑桐谷歌视频攻略 02 洛斯里克高墙冷冽谷的玻尔多,http://www.bilibili.com/video/av4368010,2016-04-14,21:27:55,55:03,582873,8123,859,2301,11416
94,4356382,【黑暗之魂3】黑桐谷歌视频攻略解说 01,http://www.bilibili.com/video/av4356382,2016-04-13,07:35:25,47:03,838656,10615,1852,5490,15996
95,4109216,《高达破坏者3》上手简介,http://www.bilibili.com/video/av4109216,2016-03-16,00:04:03,78:00,150775,4193,599,965,1325
96,3964570, 【进击的巨人 PS4港日】黑桐谷歌实况解说 04完,http://www.bilibili.com/video/av3964570,2016-02-27,02:46:16,96:32,246483,5498,773,1654,1957
97,3954941,【进击的巨人 PS4港日】黑桐谷歌实况解说 03,http://www.bilibili.com/video/av3954941,2016-02-26,02:47:48,71:19,186371,6465,681,1495,2426
98,3947661,【进击的巨人 PS4港日】黑桐谷歌实况解说 02,http://www.bilibili.com/video/av3947661,2016-02-25,04:49:43,140:11,347104,10397,926,3470,2312
99,3939622,【进击的巨人 PS4港日】黑桐谷歌实况解说 01,http://www.bilibili.com/video/av3939622,2016-02-24,05:21:41,150:00,642577,23285,1572,5860,4881
100,3797477, 【陆E乌黑】的除夕夜对坑 下 血腥收割,http://www.bilibili.com/video/av3797477,2016-02-09,11:19:12,65:00,218821,3665,857,1284,1846
101,3787794,【乌黑陆E】的除夕夜对坑 上 死亡中心（血腥收割还没剪好）,http://www.bilibili.com/video/av3787794,2016-02-08,05:50:46,52:19,282106,4201,1146,2091,2558
102,3751205,【修】多P《火影忍者：疾风传-究极风暴4》PS4港中 直播录像,http://www.bilibili.com/video/av3751205,2016-02-04,02:38:14,464:05,230482,0,535,2414,1442
103,3747636,多P完《火影忍者：疾风传-究极风暴4》PS4港中 直播录像,http://www.bilibili.com/video/av3747636,2016-02-03,13:22:30,534:22,563179,22405,1136,7440,2715
104,3598474,【石之心】黑桐谷歌视频攻略 9集完,http://www.bilibili.com/video/av3598474,2016-01-16,20:13:41,65:00,196418,4041,574,2510,2694
105,3590990,【石之心】黑桐谷歌视频攻略 08,http://www.bilibili.com/video/av3590990,2016-01-15,20:48:03,101:00,92772,4142,369,174,1060
106,3567066,【石之心】黑桐谷歌视频攻略 07,http://www.bilibili.com/video/av3567066,2016-01-12,03:12:12,91:00,96664,5168,405,250,1191
107,3545039,【石之心】黑桐谷歌视频攻略 06,http://www.bilibili.com/video/av3545039,2016-01-09,00:50:45,52:14,103619,2448,461,193,1323
108,3490537,【血源诅咒DLC老猎人】黑桐谷歌视频攻略解说 完结合集,http://www.bilibili.com/video/av3490537,2015-12-31,21:21:33,173:00,771722,13175,1399,9466,8546
109,3434716,【血源诅咒DLC老猎人】黑桐谷歌视频攻略解说 2,http://www.bilibili.com/video/av3434716,2015-12-22,22:14:47,104:00,395152,11058,1127,1526,3132
110,3431495,【血源诅咒DLC老猎人】黑桐谷歌视频攻略解说？ 1.5,http://www.bilibili.com/video/av3431495,2015-12-22,05:25:04,37:51,194148,4422,608,866,1330
111,3393962,【血源诅咒DLC老猎人】黑桐谷歌视频攻略 01,http://www.bilibili.com/video/av3393962,2015-12-15,14:40:02,110:00,505461,12223,1194,2941,7796
112,3378075,黑桐谷歌-为血源DLC做准备时候直播的录像,http://www.bilibili.com/video/av3378075,2015-12-12,22:39:35,179:43,278622,7285,530,1257,1177
113,3373227,【石之心】黑桐谷歌视频攻略 05,http://www.bilibili.com/video/av3373227,2015-12-12,04:53:42,49:05,83646,2158,311,143,602
114,3354689,【石之心】黑桐谷歌视频攻略 04,http://www.bilibili.com/video/av3354689,2015-12-08,22:44:23,54:55,105044,3191,289,225,1064
115,3325162,【石之心】黑桐谷歌视频攻略 03,http://www.bilibili.com/video/av3325162,2015-12-03,21:14:10,52:17,106267,3008,348,202,940
116,3248520,【石之心】黑桐谷歌视频攻略 02,http://www.bilibili.com/video/av3248520,2015-11-19,21:56:12,63:00,126343,4055,330,250,789
117,3239323,【石之心】黑桐谷歌视频攻略 01,http://www.bilibili.com/video/av3239323,2015-11-17,21:13:06,55:51,219835,4422,615,607,1117
118,3198581,【巫师/猎魔人/狩魔猎人3】黑桐谷歌视频攻略 完结+合集,http://www.bilibili.com/video/av3198581,2015-11-09,20:46:24,77:00,1146705,6843,1625,22641,9532
119,3197128,黑桐谷歌制作-Bring Me To Life - 【恶魔城 暗影之王2 GMV】,http://www.bilibili.com/video/av3197128,2015-11-09,09:11:30,04:01,95025,302,314,1193,753
120,3196510,【巫师/猎魔人/狩魔猎人3】黑桐谷歌视频攻略 44 下一集就是完结+合集了,http://www.bilibili.com/video/av3196510,2015-11-09,06:55:48,41:50,60519,2119,329,110,409
121,3193992,【巫师/猎魔人/狩魔猎人3】黑桐谷歌视频攻略 43,http://www.bilibili.com/video/av3193992,2015-11-08,20:33:52,38:49,53111,2358,292,93,413
122,3180626,【巫师/猎魔人/狩魔猎人3】黑桐谷歌视频攻略 42,http://www.bilibili.com/video/av3180626,2015-11-06,20:17:47,39:52,90972,2046,370,151,619
123,3175732,【巫师/猎魔人/狩魔猎人3】黑桐谷歌视频攻略 41,http://www.bilibili.com/video/av3175732,2015-11-05,20:59:04,51:26,79609,2836,255,174,402
124,3166576,【巫师/猎魔人/狩魔猎人3】黑桐谷歌视频攻略 40,http://www.bilibili.com/video/av3166576,2015-11-03,20:32:54,63:00,60363,3313,481,147,649
125,3157467,【巫师/猎魔人/狩魔猎人3】黑桐谷歌视频攻略 38凯尔莫罕之战,http://www.bilibili.com/video/av3157467,2015-11-02,21:28:50,51:14,67680,3478,328,184,635
126,3145158,【巫师/猎魔人/狩魔猎人3】黑桐谷歌视频攻略 37,http://www.bilibili.com/video/av3145158,2015-11-01,20:41:07,46:32,68650,3067,371,134,612
127,3138767,【巫师/猎魔人/狩魔猎人3】黑桐谷歌视频攻略 36,http://www.bilibili.com/video/av3138767,2015-10-31,01:04:44,44:57,97421,4200,347,193,487
128,3129624,【巫师/猎魔人/狩魔猎人3】黑桐谷歌视频攻略 35,http://www.bilibili.com/video/av3129624,2015-10-30,00:06:17,65:00,75548,3768,342,149,650
129,3125307,【巫师/猎魔人/狩魔猎人3】黑桐谷歌视频攻略 34,http://www.bilibili.com/video/av3125307,2015-10-27,22:46:43,70:00,68951,4171,353,124,514
130,3107369,【巫师/猎魔人/狩魔猎人3】黑桐谷歌视频攻略 33,http://www.bilibili.com/video/av3107369,2015-10-26,23:03:41,78:00,68820,2917,377,125,505
131,3102826,【巫师/猎魔人/狩魔猎人3】黑桐谷歌视频攻略 32,http://www.bilibili.com/video/av3102826,2015-10-23,23:32:33,116:14,70557,3237,275,113,540
132,3102689,黑桐谷歌【神秘海域2最高难度一命全收集】直传补档修复,http://www.bilibili.com/video/av3102689,2015-10-23,04:07:10,72:00,121606,5868,195,2338,913
133,3097218,【巫师/猎魔人/狩魔猎人3】黑桐谷歌视频攻略 31,http://www.bilibili.com/video/av3097218,2015-10-23,03:36:04,324:00,69639,2256,322,135,383
134,3088352,【巫师/猎魔人/狩魔猎人3】黑桐谷歌视频攻略 30,http://www.bilibili.com/video/av3088352,2015-10-21,23:41:21,37:26,102630,3118,313,221,436
135,3078485,【巫师/猎魔人/狩魔猎人3】黑桐谷歌视频攻略 29 昆特牌完结,http://www.bilibili.com/video/av3078485,2015-10-19,22:45:54,57:49,74323,2340,397,145,460
136,3071165,【巫师/猎魔人/狩魔猎人3】黑桐谷歌视频攻略 28 昆特牌终于要集全了,http://www.bilibili.com/video/av3071165,2015-10-18,01:05:59,00:00,67810,2127,339,115,426
137,3056359,【巫师/猎魔人/狩魔猎人3】黑桐谷歌视频攻略 27,http://www.bilibili.com/video/av3056359,2015-10-16,23:32:23,43:11,79655,2692,388,133,448
138,3038068,【巫师/猎魔人/狩魔猎人3】黑桐谷歌视频攻略 26,http://www.bilibili.com/video/av3038068,2015-10-13,11:42:55,56:08,91092,2994,307,142,434
139,3037933,黑桐谷歌【神秘海域1最高难度一命全收集】直传补档修复,http://www.bilibili.com/video/av3037933,2015-10-10,00:44:42,84:49,143854,913,226,2893,721
140,3023823,【巫师/猎魔人/狩魔猎人3】黑桐谷歌视频攻略 25,http://www.bilibili.com/video/av3023823,2015-10-07,02:12:22,60:00,112423,3643,544,181,565
141,2978142,黑桐谷歌【如龙0】第三章 金碧辉煌的监狱 上,http://www.bilibili.com/video/av2978142,2015-09-30,01:19:29,43:23,174320,6672,1191,559,1302
142,2945406,【巫师/猎魔人/狩魔猎人3】黑桐谷歌视频攻略 24,http://www.bilibili.com/video/av2945406,2015-09-23,01:50:03,50:10,110363,3296,353,176,576
143,2927946,【巫师/猎魔人/狩魔猎人3】黑桐谷歌视频攻略 23,http://www.bilibili.com/video/av2927946,2015-09-19,05:39:52,42:10,98702,2868,481,153,463
144,2921313,【巫师/猎魔人/狩魔猎人3】黑桐谷歌视频攻略 22,http://www.bilibili.com/video/av2921313,2015-09-17,22:43:00,50:49,81883,2488,307,107,385
145,2917870,【巫师/猎魔人/狩魔猎人3】黑桐谷歌视频攻略 21,http://www.bilibili.com/video/av2917870,2015-09-16,23:38:46,53:04,106996,3304,345,291,548
146,2890630,【巫师/猎魔人/狩魔猎人3】黑桐谷歌视频攻略 20,http://www.bilibili.com/video/av2890630,2015-09-10,12:13:54,54:30,115079,3793,437,189,511
147,2883988,【巫师/猎魔人/狩魔猎人3】黑桐谷歌视频攻略 19,http://www.bilibili.com/video/av2883988,2015-09-09,00:09:39,56:06,131253,4016,513,212,465
148,2880114,【巫师/猎魔人/狩魔猎人3】黑桐谷歌视频攻略 18,http://www.bilibili.com/video/av2880114,2015-09-07,23:41:48,56:01,119325,3469,421,174,488
149,2862130,"《Bilibili-我是勇者》第六期：""心""的旅程",http://www.bilibili.com/video/av2862130,2015-09-04,05:53:33,21:01,337288,9593,1218,1759,3958
150,2850397,【巫师/猎魔人/狩魔猎人3】黑桐谷歌视频攻略 17 国王已死 浩气长存,http://www.bilibili.com/video/av2850397,2015-09-02,06:10:08,53:09,162174,5603,677,261,662
151,2830850,【巫师/猎魔人/狩魔猎人3】黑桐谷歌视频攻略 16 炼金特殊材料获取与药剂讲解,http://www.bilibili.com/video/av2830850,2015-08-29,12:02:19,31:15,134220,2474,664,230,635
152,2813482,【巫师/猎魔人/狩魔猎人3】黑桐谷歌视频攻略 14,http://www.bilibili.com/video/av2813482,2015-08-26,22:41:40,38:31,128060,4045,578,199,930
153,2800181,【巫师/猎魔人/狩魔猎人3】黑桐谷歌视频攻略 13,http://www.bilibili.com/video/av2800181,2015-08-24,23:10:35,59:33,178198,6307,666,391,737
154,2775719,【巫师/猎魔人/狩魔猎人3】黑桐谷歌视频攻略 12,http://www.bilibili.com/video/av2775719,2015-08-20,21:53:33,64:00,152376,5616,545,234,715
155,2762843,【巫师/猎魔人/狩魔猎人3】黑桐谷歌视频攻略 11 家家有本难念的经,http://www.bilibili.com/video/av2762843,2015-08-18,23:07:17,53:13,166861,5005,604,234,933
156,2755073,【巫师/猎魔人/狩魔猎人3】黑桐谷歌视频攻略 10,http://www.bilibili.com/video/av2755073,2015-08-17,11:41:30,57:14,148026,4484,644,241,833
157,2728145,【巫师/猎魔人/狩魔猎人3】黑桐谷歌视频攻略 09,http://www.bilibili.com/video/av2728145,2015-08-12,22:46:53,61:00,161043,5162,594,231,1113
158,2722956,【巫师/猎魔人/狩魔猎人3】黑桐谷歌视频攻略 08 来局昆特牌吧,http://www.bilibili.com/video/av2722956,2015-08-12,00:02:41,58:00,188219,4324,667,296,1122
159,2721461,【巫师/猎魔人/狩魔猎人3】黑桐谷歌视频攻略 07,http://www.bilibili.com/video/av2721461,2015-08-11,12:49:46,66:00,190933,5590,508,299,1032
160,2705752,黑桐谷歌和他的小伙伴打对坑2015-08-09,http://www.bilibili.com/video/av2705752,2015-08-08,21:18:02,96:00,177245,3731,550,424,456
161,2702805,【巫师/猎魔人/狩魔猎人3】黑桐谷歌视频攻略 06,http://www.bilibili.com/video/av2702805,2015-08-08,05:26:39,41:02,183470,3922,687,304,983
162,2695182,【巫师/猎魔人/狩魔猎人3】黑桐谷歌视频攻略 05 发家致富与初始炼金,http://www.bilibili.com/video/av2695182,2015-08-06,21:39:16,50:46,227572,6193,613,500,1237
163,2689324,【巫师/猎魔人/狩魔猎人3】黑桐谷歌视频攻略 04,http://www.bilibili.com/video/av2689324,2015-08-05,22:50:02,58:54,293681,7090,680,570,1218
164,2667267,黑桐谷歌&老E&C君&Go_Hank一起打求生,http://www.bilibili.com/video/av2667267,2015-08-01,22:18:45,172:00,579802,23830,1755,4618,2728
165,2619419,【巫师/猎魔人/狩魔猎人3】黑桐谷歌视频攻略 03,http://www.bilibili.com/video/av2619419,2015-07-23,13:54:05,43:34,311245,5385,584,531,1004
166,2609597,黑桐谷歌【如龙0】第二章 地下不动产王 下,http://www.bilibili.com/video/av2609597,2015-07-21,22:44:58,45:50,143276,5985,597,277,659
167,2589562,【巫师/猎魔人/狩魔猎人3】黑桐谷歌视频攻略02,http://www.bilibili.com/video/av2589562,2015-07-17,22:26:59,51:37,319972,5957,490,728,1291
168,2579118,黑桐谷歌【如龙0】第二章 支线 说出暗号,http://www.bilibili.com/video/av2579118,2015-07-15,12:31:46,17:15,64117,2136,305,148,208
169,2575705,【巫师/猎魔人/狩魔猎人3】黑桐谷歌视频攻略01,http://www.bilibili.com/video/av2575705,2015-07-14,23:57:24,54:40,535473,10388,953,2223,1700
170,2556881,黑桐谷歌【如龙0】第二章 支线 勇者斗暴徒,http://www.bilibili.com/video/av2556881,2015-07-11,02:20:30,18:42,67116,3416,329,165,396
171,2541072,黑桐谷歌【如龙0】第二章 支线 桐生是制作人？,http://www.bilibili.com/video/av2541072,2015-07-07,14:20:20,23:40,83641,4971,357,172,689
172,2518780,黑桐谷歌【如龙0】第二章 支线 SM讲座,http://www.bilibili.com/video/av2518780,2015-07-03,00:59:26,24:04,287240,10665,734,740,1699
173,2517789,黑桐谷歌【如龙0】第二章 支线 01,http://www.bilibili.com/video/av2517789,2015-07-02,19:49:46,21:55,92453,4808,273,178,483
174,2489595,黑桐谷歌【如龙0】第二章 地下不动产之王 上,http://www.bilibili.com/video/av2489595,2015-06-27,02:55:13,45:21,234502,7727,655,457,1317
175,2452618,黑桐谷歌【如龙0】第一章 下,http://www.bilibili.com/video/av2452618,2015-06-18,02:13:58,40:34,162845,6785,517,324,744
176,2448466,黑桐谷歌【如龙0】第一章 中篇,http://www.bilibili.com/video/av2448466,2015-06-16,23:51:00,41:10,212475,5543,486,465,873
177,2429047,黑桐谷歌【如龙0】第一章 盃之誓约,http://www.bilibili.com/video/av2429047,2015-06-12,02:11:34,56:53,319897,9775,666,1135,1420
178,2421354,月亮骑士白金啦！,http://www.bilibili.com/video/av2421354,2015-06-09,16:48:58,124:02,344003,4967,457,882,577
179,2401216,小小大MIKU奖活动视频（详情见视频简介）,http://www.bilibili.com/video/av2401216,2015-06-05,03:42:21,01:59,67006,460,550,202,48
180,2400458,你们要的直播录像片段【如龙0支线】装在塑胶套中的梦想,http://www.bilibili.com/video/av2400458,2015-06-04,23:20:40,11:19,101939,1956,361,335,244
181,2380500,完结合集【血源诅咒】黑桐谷歌式视频攻略,http://www.bilibili.com/video/av2380500,2015-05-30,04:47:04,797:31,1998023,0,1476,30825,14104
182,2379180,【血源诅咒】黑桐谷歌式视频攻略解说 09完结,http://www.bilibili.com/video/av2379180,2015-05-29,23:00:11,79:50,356029,13159,1003,1047,2422
183,2350374,【血源诅咒】黑桐谷歌式视频攻略解说 08,http://www.bilibili.com/video/av2350374,2015-05-21,23:18:44,158:11,373635,11172,711,870,1358
184,2344789,补档【新鬼泣】黑桐谷歌视频攻略 SOS难度,http://www.bilibili.com/video/av2344789,2015-05-20,03:28:47,00:03,381337,10234,590,3988,1208
185,2326057,【血源诅咒】黑桐谷歌式视频攻略解说07,http://www.bilibili.com/video/av2326057,2015-05-14,23:03:31,100:02,460242,14558,1053,1001,1812
186,2295825,补档【GTA5剧情金牌挑战攻略】一共33P 陆续在此补全,http://www.bilibili.com/video/av2295825,2015-05-06,05:25:31,229:23,1732366,56785,1977,34598,8306
187,2291116,【血源诅咒】黑桐谷歌式视频攻略解说06,http://www.bilibili.com/video/av2291116,2015-05-04,12:34:47,32:09,394802,10001,888,915,1385
188,2275412,【血源诅咒】黑桐谷歌式视频攻略解说05,http://www.bilibili.com/video/av2275412,2015-05-01,01:35:59,74:02,402926,11088,940,949,1609
189,2251930,【血源诅咒】黑桐谷歌式视频攻略解说04,http://www.bilibili.com/video/av2251930,2015-04-24,04:11:46,110:58,618019,13412,1790,1262,2505
190,2226639,【血源诅咒】黑桐谷歌式视频攻略解说03,http://www.bilibili.com/video/av2226639,2015-04-16,10:17:58,107:15,524339,14641,966,1240,2095
191,2203411,【血源诅咒】黑桐谷歌式视频攻略解说02,http://www.bilibili.com/video/av2203411,2015-04-09,13:48:24,84:15,590256,12314,849,1451,6511
192,2184262,【血源诅咒】黑桐谷歌式视频攻略解说01,http://www.bilibili.com/video/av2184262,2015-04-04,12:31:09,127:32,789703,18602,1242,3853,2617
193,2147373,黑桐谷歌的【血源】帮助手残也能打过BOSS的实况,http://www.bilibili.com/video/av2147373,2015-03-26,04:58:16,108:29,374016,7750,641,966,837
194,2141784,03月23周一GTAOL直播录像,http://www.bilibili.com/video/av2141784,2015-03-24,01:45:38,274:28,105697,2227,152,606,128
195,2139394,03月22周日直播录像-GTAOL-分赃不均,http://www.bilibili.com/video/av2139394,2015-03-23,04:13:47,293:22,93727,2221,181,488,123
196,2139141,03月21日周六直播录像-GTAOL-抢劫模式-多P,http://www.bilibili.com/video/av2139141,2015-03-23,02:04:56,321:47,114127,2686,216,630,167
197,2130304,03月20日直播录像-GTAOL-抢劫模式受苦-多P,http://www.bilibili.com/video/av2130304,2015-03-21,01:35:16,180:00,134217,3464,253,750,151
198,2121726,黑桐谷歌【神秘海域2纵横四海】惨烈超难视频攻略 直传补档,http://www.bilibili.com/video/av2121726,2015-03-18,06:25:15,234:00,143265,8497,217,2165,520
199,2104150,完结合集【神秘海域3德雷克的谎言】 惨烈超难视频攻略,http://www.bilibili.com/video/av2104150,2015-03-13,08:56:58,207:10,198291,14899,370,3502,1240
200,2103675,黑桐谷歌【神秘海域3德雷克的谎言】第八集 完结 惨烈超难视频攻略,http://www.bilibili.com/video/av2103675,2015-03-13,06:46:20,99:00,111757,7390,434,277,633
201,2080912,黑桐谷歌【神秘海域3德雷克的谎言】第七集 惨烈超难视频攻略,http://www.bilibili.com/video/av2080912,2015-03-06,01:53:37,72:00,124354,6897,563,257,694
202,2057608,黑桐谷歌【神秘海域3德雷克的谎言】第六集 惨烈超难视频攻略,http://www.bilibili.com/video/av2057608,2015-02-27,22:03:52,70:00,185378,7038,600,360,609
203,1999283,黑桐谷歌【神秘海域3德雷克的谎言】第五集 惨烈超难视频攻略,http://www.bilibili.com/video/av1999283,2015-02-14,01:20:44,57:22,231190,7073,696,367,949
204,1981427,黑桐谷歌【神秘海域3德雷克的谎言】更新至第四集 惨烈超难视频攻略,http://www.bilibili.com/video/av1981427,2015-02-09,23:20:36,207:21,551265,20706,2106,1558,3877
205,1981403,黑桐谷歌【猎天使魔女2】完结合集 一周目hard中文字幕全要素视频攻略解,http://www.bilibili.com/video/av1981403,2015-02-09,23:14:37,23:21,358427,5278,1113,6088,1723
206,1784658,黑桐谷歌【猎天使魔女2】12一周目hard中文字幕全要素视频攻略解,http://www.bilibili.com/video/av1784658,2014-12-08,07:11:51,35:48,95816,1557,268,282,354
207,1776455,黑桐谷歌【猎天使魔女2】11 一周目hard中文字幕全要素战斗与收集视频攻略解说,http://www.bilibili.com/video/av1776455,2014-12-05,21:40:33,27:26,156927,3038,230,417,740
208,1772736,3谷€奇E猫车的某日马里奥赛车8联机多视角直播录像~,http://www.bilibili.com/video/av1772736,2014-12-04,08:25:56,30:27,91811,1568,244,360,113
209,1764538,黑桐谷歌【猎天使魔女2】10 一周目hard中文字幕全要素战斗与收集视频攻略解说,http://www.bilibili.com/video/av1764538,2014-12-01,03:50:14,00:00,146871,2811,304,288,1229
210,1747635,黑桐谷歌【猎天使魔女2】09 一周目hard中文字幕全要素战斗与收集视频攻略解说,http://www.bilibili.com/video/av1747635,2014-11-25,20:13:18,14:47,182848,3066,264,396,465
211,1728150,黑桐谷歌【猎天使魔女2】08 一周目hard中文字幕全要素战斗与收集视频攻略解说,http://www.bilibili.com/video/av1728150,2014-11-19,19:02:49,67:06,170243,3907,234,293,733
212,1711156,黑桐谷歌【猎天使魔女2】07 一周目hard中文字幕全要素战斗与收集视频攻,http://www.bilibili.com/video/av1711156,2014-11-14,05:24:20,50:50,173854,3874,279,280,727
213,1695153,黑桐谷歌【猎天使魔女2】06 一周目hard中文字幕全要素战斗与收集视频攻略,http://www.bilibili.com/video/av1695153,2014-11-08,09:52:31,56:14,157434,3499,335,226,660
214,1685546,黑桐谷歌【猎天使魔女2】05 一周目hard中文字幕全要素战斗与收集视频攻,http://www.bilibili.com/video/av1685546,2014-11-05,04:41:35,55:08,194235,5355,447,414,2614
215,1665495,黑桐谷歌【猎天使魔女2】04 一周目hard中文字幕全要素战斗与收集视频攻,http://www.bilibili.com/video/av1665495,2014-10-29,07:10:04,83:33,352901,6182,385,860,761
216,1661702,直播直传测试,http://www.bilibili.com/video/av1661702,2014-10-27,22:41:57,13:04,84675,1004,182,117,136
217,1647916,黑桐谷歌【猎天使魔女2】03 一周目hard中文字幕全要素战斗与收集视频攻略解说,http://www.bilibili.com/video/av1647916,2014-10-23,20:24:21,21:55,232436,3792,290,349,594
218,1628683,黑桐谷歌【猎天使魔女2】02一周目hard中文字幕全要素战斗与收集视频攻略解说,http://www.bilibili.com/video/av1628683,2014-10-17,06:53:37,36:55,232990,4480,374,427,690
219,1617227,黑桐谷歌【猎天使魔女2】01一周目hard中文字幕全要素战斗与收集视频攻略解说,http://www.bilibili.com/video/av1617227,2014-10-12,11:38:58,54:10,411720,7798,458,1244,816
220,1605615,黑桐谷歌【猎天使魔女2】序章 中文字幕一周目hard全要素战斗与收集视频攻略解说,http://www.bilibili.com/video/av1605615,2014-10-08,11:25:45,32:43,448585,7789,668,1221,1049
221,1590376,罗丹是个好老师,http://www.bilibili.com/video/av1590376,2014-10-04,12:46:50,11:49,128061,776,273,147,135
222,1563572,黑桐谷歌【最后幸存者】完结10（绝地全收集-手残福音攻略）,http://www.bilibili.com/video/av1563572,2014-09-26,21:16:11,80:52,237858,12069,488,918,1606
223,1544671,黑桐谷歌【最后的我们】09（绝地全收集-手残福音攻略）,http://www.bilibili.com/video/av1544671,2014-09-19,22:25:53,64:40,171086,7464,395,454,1041
224,1542492,黑桐谷歌【最后的我们】8.5-DLC遗落,http://www.bilibili.com/video/av1542492,2014-09-19,03:02:05,00:00,178289,0,339,790,1198
225,1536072,黑桐谷歌【最后幸存者】08（绝地全收集-手残福音攻略）,http://www.bilibili.com/video/av1536072,2014-09-16,05:42:33,57:59,159579,6232,426,383,846
226,1520337,黑桐谷歌【最后的希望之地】07（绝地全收集-手残福音攻略）,http://www.bilibili.com/video/av1520337,2014-09-10,22:05:02,50:08,168102,4491,365,443,856
227,1502951,黑桐谷歌【最后的搜刮者】06（绝地全收集-手残福音攻略）,http://www.bilibili.com/video/av1502951,2014-09-05,11:19:15,00:00,157196,7694,630,400,1029
228,1493047,黑桐谷歌【猎人反杀者】05（绝地全收集-手残福音攻略）,http://www.bilibili.com/video/av1493047,2014-09-01,22:20:50,63:26,207209,7098,359,437,904
229,1476943,黑桐谷歌【末日三光者】04 （绝地全收集-手残福音攻略）,http://www.bilibili.com/video/av1476943,2014-08-28,11:51:40,76:46,260665,10905,674,485,1410
230,1460443,黑桐谷歌【战神-奥恋】完结合集（神难度·飞鞋道·真硬碰·硬三光）,http://www.bilibili.com/video/av1460443,2014-08-24,20:46:25,00:00,107235,0,214,1442,420
231,1460438,黑桐谷歌【战神-奥恋】06完（神难度·飞鞋道·真硬碰·硬三光）,http://www.bilibili.com/video/av1460438,2014-08-24,20:44:17,50:41,80688,4501,201,79,432
232,1432144,黑桐谷歌【战神-奥恋】04 05 （神难度·飞鞋道·真硬碰·硬三光）,http://www.bilibili.com/video/av1432144,2014-08-18,05:29:24,69:36,205748,6781,417,134,656
233,1421215,黑桐谷歌&奇美拉 P.T. 一（hu）本（shuo）正（ba）经（dao）讲座,http://www.bilibili.com/video/av1421215,2014-08-15,12:24:45,114:29,756184,50472,1362,2025,1056
234,1417442,黑桐谷歌【战神-奥恋】03 （神难度·飞鞋道·真硬碰·硬三光）,http://www.bilibili.com/video/av1417442,2014-08-14,22:01:36,35:42,131415,4830,356,96,623
235,1406147,黑桐谷歌【战神-奥恋】02 （神难度·飞鞋道·真硬碰·硬三光）,http://www.bilibili.com/video/av1406147,2014-08-12,05:44:39,31:12,159197,4744,460,110,689
236,1390477,黑桐谷歌【战神-奥恋】01 （神难度·飞鞋道·真硬碰·硬三光）,http://www.bilibili.com/video/av1390477,2014-08-08,07:56:08,37:48,237316,8162,567,248,876
237,1387829,黑桐谷歌【美国搜刮者】03（绝地全收集-手残福音攻略）,http://www.bilibili.com/video/av1387829,2014-08-07,21:20:27,82:38,301133,11195,580,528,1287
238,1368632,黑桐谷歌【绝地生还者】02（绝地全收集-手残福音攻略）,http://www.bilibili.com/video/av1368632,2014-08-03,07:38:17,69:52,277341,12033,696,574,1418
239,1362649,黑桐谷歌【最后幸存者】01（绝地全收集-有参考价值攻略）,http://www.bilibili.com/video/av1362649,2014-08-02,02:59:58,84:01,604056,12836,1544,1873,4560
240,1356998,黑桐谷歌【战神②】完结合集（最高难度非邪道真·硬碰硬三光攻略）,http://www.bilibili.com/video/av1356998,2014-08-01,00:46:48,39:08,209092,880,228,2919,833
241,1356946,黑桐谷歌【战神②】10完结（最高难度非邪道真·硬碰硬三光攻略）,http://www.bilibili.com/video/av1356946,2014-08-01,00:39:05,38:23,149017,8250,449,121,805
242,1352590,黑桐谷歌【战神②】09（最高难度非邪道真·硬碰硬三光攻略）,http://www.bilibili.com/video/av1352590,2014-07-31,02:33:09,41:58,203880,6053,520,132,518
243,1344556,黑桐谷歌【战神②】08（最高难度非邪道真·硬碰硬三光攻略）,http://www.bilibili.com/video/av1344556,2014-07-29,03:21:15,00:00,144943,7087,494,104,466
244,1341039,黑桐谷歌【战神②】07 （最高难度非邪道真·硬碰硬三光攻略）,http://www.bilibili.com/video/av1341039,2014-07-28,06:04:00,32:30,135004,5034,348,106,528
245,1338982,黑桐谷歌【战神②】06 （最高难度非邪道真·硬碰硬三光攻略）,http://www.bilibili.com/video/av1338982,2014-07-27,21:05:12,37:37,192900,5166,344,120,743
246,1331645,黑桐谷歌【战神②】05 （最高难度非邪道真·硬碰硬三光攻略）,http://www.bilibili.com/video/av1331645,2014-07-25,21:01:30,38:23,142415,6251,294,98,706
247,1326042,黑桐谷歌【战神②】04 （最高难度非邪道真·硬碰硬三光攻略）,http://www.bilibili.com/video/av1326042,2014-07-24,07:35:18,43:22,161934,6741,378,158,605
248,1310120,黑桐谷歌【战神②】03 （最高难度非邪道真·硬碰硬三光攻略）,http://www.bilibili.com/video/av1310120,2014-07-20,07:15:53,44:56,177847,6190,369,120,480
249,1305961,黑桐谷歌【战神②】02 （最高难度非邪道真·硬碰硬三光攻略）,http://www.bilibili.com/video/av1305961,2014-07-19,04:37:10,38:42,165981,4854,346,118,451
250,1303830,黑桐谷歌【战神②】01 （最高难度非邪道真·硬碰硬三光攻略）,http://www.bilibili.com/video/av1303830,2014-07-18,10:49:53,36:06,184315,7108,397,272,566
251,1288697,黑桐谷歌【战神1】完结合集（最高难度非邪道硬碰硬三光攻略）,http://www.bilibili.com/video/av1288697,2014-07-14,08:14:23,00:00,175265,0,207,2591,528
252,1278737,黑桐谷歌【战神1】11 完结（最高难度非邪道硬碰硬三光攻略）,http://www.bilibili.com/video/av1278737,2014-07-11,09:00:15,43:46,210109,6018,452,178,705
253,1275843,黑桐谷歌【战神1】10（最高难度非邪道硬碰硬三光攻略）,http://www.bilibili.com/video/av1275843,2014-07-10,11:03:22,34:57,98605,4466,219,93,239
254,1269622,黑桐谷歌【战神1】09（最高难度非邪道硬碰硬三光攻略）,http://www.bilibili.com/video/av1269622,2014-07-08,19:55:29,40:48,177154,4584,854,141,317
255,1261503,黑桐谷歌【战神1】07 08（最高难度非邪道硬碰硬三光攻略）,http://www.bilibili.com/video/av1261503,2014-07-06,05:18:25,66:10,209873,6587,275,150,449
256,1258827,黑桐谷歌【战神1】06（最高难度非邪道硬碰硬三光攻略）,http://www.bilibili.com/video/av1258827,2014-07-05,08:04:21,27:15,100052,2543,197,95,275
257,1254830,黑桐谷歌【战神1】05（最高难度非邪道硬碰硬三光攻略）,http://www.bilibili.com/video/av1254830,2014-07-04,02:54:18,26:26,114857,3220,225,123,354
258,1246751,黑桐谷歌【战神1】02 03 04 （最高难度非邪道硬碰硬三光攻略）,http://www.bilibili.com/video/av1246751,2014-07-01,08:46:42,106:39,504468,10631,363,707,852
259,1241903,黑桐谷歌【战神1】01 （最高难度非邪道硬碰硬三光攻略）,http://www.bilibili.com/video/av1241903,2014-06-29,20:08:51,28:43,337562,7722,724,549,985
260,1177476,黑桐谷歌【休闲实况】2014-06-07,http://www.bilibili.com/video/av1177476,2014-06-06,21:47:17,64:27,132727,6432,347,125,193
261,1170383,黑桐谷歌版汉化【海岛大亨5】03绝不屈服,http://www.bilibili.com/video/av1170383,2014-06-04,01:56:57,78:45,227146,6772,571,215,600
262,1169193,直传测试4,http://www.bilibili.com/video/av1169193,2014-06-03,08:41:48,09:30,30576,533,138,17,17
263,1168514,直传测试2,http://www.bilibili.com/video/av1168514,2014-06-03,02:24:00,02:05,46400,448,151,29,28
264,1163593,黑桐谷歌版汉化【海岛大亨5】02特殊关系,http://www.bilibili.com/video/av1163593,2014-06-01,04:28:56,32:17,207676,4032,639,204,685
265,1158957,黑桐谷歌版汉化【海岛大亨5】01改造世界-新的黎明-开启财富岛,http://www.bilibili.com/video/av1158957,2014-05-30,10:20:17,39:51,303891,5568,617,462,4630
266,1155430,黑桐谷歌版汉化【海岛大亨5】教学关实况,http://www.bilibili.com/video/av1155430,2014-05-28,23:35:52,53:13,76818,2936,216,127,492
267,1151886,黑桐谷歌【看门狗 收集攻略】入侵ctOS塔,http://www.bilibili.com/video/av1151886,2014-05-27,07:01:30,24:17,34960,525,72,144,27
268,1151884,黑桐谷歌【看门狗 收集攻略】寻找QR码,http://www.bilibili.com/video/av1151884,2014-05-27,07:00:51,23:45,27357,249,57,164,27
269,1151881,黑桐谷歌【看门狗 收集攻略】隐私入侵,http://www.bilibili.com/video/av1151881,2014-05-27,06:59:42,62:16,97507,1952,164,417,86
270,1151330,海岛大亨5窗口模式录制压制测试 我不说话 我就开坑,http://www.bilibili.com/video/av1151330,2014-05-27,01:53:31,01:53,29091,448,192,27,71
271,1149248,合集 黑桐谷歌【恶名昭彰 次子】困难一周目全要素攻略解说,http://www.bilibili.com/video/av1149248,2014-05-25,23:19:07,53:15,152389,2683,167,2275,337
272,1149236,合集 黑桐谷歌【神秘海域-德瑞克船长的宝藏】,http://www.bilibili.com/video/av1149236,2014-05-25,23:13:26,269:21,154081,4803,262,2583,373
273,1149224,合集 黑桐谷歌【神秘海域2-纵横四海】,http://www.bilibili.com/video/av1149224,2014-05-25,23:08:27,00:00,94307,0,71,1736,282
274,1149217,合集+特辑 黑桐谷歌【心灵杀手】梦魇难度实况攻略,http://www.bilibili.com/video/av1149217,2014-05-25,23:04:17,00:00,146186,0,188,2267,637
275,1149154,黑桐谷歌【ALAN WAKE】梦魇实况攻略 06,http://www.bilibili.com/video/av1149154,2014-05-25,22:18:19,86:36,35128,4098,124,60,211
276,1148797,你的动态视力能跟上吗？【WATCH DOGS】一球三杯小游戏,http://www.bilibili.com/video/av1148797,2014-05-25,11:27:07,14:59,143711,3438,209,292,52
277,1143584,黑桐谷歌【ALAN WAKE】梦魇实况攻略 05-2,http://www.bilibili.com/video/av1143584,2014-05-23,13:49:42,53:14,33506,3137,202,50,181
278,1143549,【WATCH DOGS 监察风云】 支线初体验,http://www.bilibili.com/video/av1143549,2014-05-23,13:07:51,38:01,36339,1061,122,74,34
279,1141401,黑桐谷歌【ALAN WAKE】梦魇实况攻略 05-1,http://www.bilibili.com/video/av1141401,2014-05-22,22:23:11,50:29,32957,3214,135,40,173
280,1139563,黑桐谷歌【ALAN WAKE】梦魇实况攻略 04-2,http://www.bilibili.com/video/av1139563,2014-05-22,01:13:47,67:00,35259,3473,215,73,256
281,1137613,黑桐谷歌【ALAN WAKE】梦魇实况攻略 04-1,http://www.bilibili.com/video/av1137613,2014-05-21,00:07:13,59:51,37169,3397,162,60,174
282,1134898,黑桐谷歌【ALAN WAKE】梦魇实况攻略 03-2,http://www.bilibili.com/video/av1134898,2014-05-19,08:37:21,69:00,41129,4109,207,58,193
283,1133861,黑桐谷歌【ALAN WAKE】梦魇实况攻略 03-1,http://www.bilibili.com/video/av1133861,2014-05-18,23:33:11,55:34,43521,3525,152,79,240
284,1131377,黑桐谷歌【ALAN WAKE】梦魇实况攻略 【02-2】,http://www.bilibili.com/video/av1131377,2014-05-17,22:06:02,44:58,63781,3404,248,80,314
285,1126752,黑桐谷歌【ALAN WAKE】梦魇实况攻略 02,http://www.bilibili.com/video/av1126752,2014-05-16,00:01:20,95:00,91698,4837,386,119,409
286,1123229,黑桐谷歌【ALAN WAKE】梦魇实况攻略 01,http://www.bilibili.com/video/av1123229,2014-05-14,00:49:26,120:00,272207,10930,555,738,3129
287,1121076,黑桐谷歌【Super Meat Boy】作死实况,http://www.bilibili.com/video/av1121076,2014-05-12,11:27:34,93:36,155432,10429,343,404,512
288,1115032,黑桐谷歌的MV \(^o^)/~才不是开坑,http://www.bilibili.com/video/av1115032,2014-05-10,04:34:13,04:01,132962,1459,393,1203,808
289,1107109,黑桐谷歌【神秘海域2-纵横四海】06 完结,http://www.bilibili.com/video/av1107109,2014-05-06,03:47:36,109:02,80178,5540,354,162,539
290,1106660,吊胃口用的 正片不远了,http://www.bilibili.com/video/av1106660,2014-05-05,22:32:21,02:29,102120,522,156,83,65
291,1103574,黑桐谷歌【神秘海域2-纵横四海】05,http://www.bilibili.com/video/av1103574,2014-05-04,05:46:15,94:00,84991,7036,283,140,360
292,1093730,黑桐谷歌【神秘海域2-纵横四海】04,http://www.bilibili.com/video/av1093730,2014-04-30,09:40:42,90:00,84009,8797,230,137,391
293,1089418,联机实况【传送门2】黑桐谷歌&Chimera君 P3 P4,http://www.bilibili.com/video/av1089418,2014-04-28,00:59:46,65:11,84961,4438,238,354,185
294,1086004,联机实况【传送门2】黑桐谷歌&Chimera君 P1 P2,http://www.bilibili.com/video/av1086004,2014-04-26,07:13:09,109:49,250181,8643,1284,1083,498
295,1084344,黑桐谷歌【神秘海域2-纵横四海】 观影版 01 02 03,http://www.bilibili.com/video/av1084344,2014-04-25,11:36:01,00:00,20275,599,102,59,24
296,1082313,黑桐谷歌【神秘海域2-纵横四海】03,http://www.bilibili.com/video/av1082313,2014-04-24,11:15:04,76:00,86216,6403,248,115,494
297,1077693,黑桐谷歌【神秘海域2-纵横四海】02,http://www.bilibili.com/video/av1077693,2014-04-21,21:56:32,76:00,113112,6920,243,198,691
298,1070452,黑桐谷歌【神秘海域2-纵横四海】01,http://www.bilibili.com/video/av1070452,2014-04-18,08:48:04,82:00,148350,10019,414,364,560
299,1066787,黑桐谷歌【神秘海域-德瑞克船长的宝藏】11完结 拯救竞争、一决高下,http://www.bilibili.com/video/av1066787,2014-04-16,03:25:56,43:21,58137,2584,254,124,328
300,1065595,黑桐谷歌【神秘海域-德瑞克船长的宝藏】10宝物保管库的核心、地下碉堡、不速之客,http://www.bilibili.com/video/av1065595,2014-04-15,07:52:25,41:28,44249,2765,137,98,119
301,1060558,黑桐谷歌【神秘海域-德瑞克船长的宝藏】09前往地底、在往宝藏的路上,http://www.bilibili.com/video/av1060558,2014-04-12,18:43:35,27:57,40135,2090,104,76,109
302,1059085,艾连娜：德瑞克别怕！我来掩护你！！,http://www.bilibili.com/video/av1059085,2014-04-12,04:48:31,01:31,45807,427,123,37,23
303,1057499,黑桐谷歌【神秘海域-德瑞克船长的宝藏】08圣殿,http://www.bilibili.com/video/av1057499,2014-04-11,09:57:35,29:34,44200,1827,134,81,110
304,1056392,黑桐谷歌【神秘海域-德瑞克船长的宝藏】07海关小屋、一场激烈冲突、逆流而上,http://www.bilibili.com/video/av1056392,2014-04-11,00:09:44,31:25,40937,2351,97,80,86
305,1055092,黑桐谷歌【神秘海域-德瑞克船长的宝藏】06失落的都市、前往高塔,http://www.bilibili.com/video/av1055092,2014-04-10,04:17:31,29:52,45511,1662,106,82,110
306,1053607,黑桐谷歌【神秘海域-德瑞克船长的宝藏】05过去的真相大白、逃走,http://www.bilibili.com/video/av1053607,2014-04-09,05:09:29,32:21,61223,2078,167,91,116
307,1052345,黑桐谷歌【神秘海域-德瑞克船长的宝藏】03坠机 04堡垒,http://www.bilibili.com/video/av1052345,2014-04-08,08:16:56,62:50,86426,4037,192,133,169
308,1048363,黑桐谷歌【神秘海域-德瑞克船长的宝藏】02,http://www.bilibili.com/video/av1048363,2014-04-06,08:59:05,23:14,78613,3094,206,110,224
309,1045899,黑桐谷歌【神秘海域-德瑞克船长的宝藏】01,http://www.bilibili.com/video/av1045899,2014-04-05,09:44:48,32:12,176012,5285,326,431,385
310,1038525,黑桐谷歌【恶名昭彰 次子】09 10 11 12完结 困难一周目全要素攻略解说,http://www.bilibili.com/video/av1038525,2014-04-01,05:28:40,173:21,266270,17236,1192,663,1779
311,1037273,黑桐谷歌【恶名昭彰 次子】08困难一周目全要素攻略解说,http://www.bilibili.com/video/av1037273,2014-03-31,07:45:08,27:38,68455,3075,251,182,276
312,1036287,黑桐谷歌【恶名昭彰 次子】07困难一周目全要素攻略解说,http://www.bilibili.com/video/av1036287,2014-03-30,12:59:42,34:27,69809,2852,248,161,321
313,1035823,黑桐谷歌【恶名昭彰 次子】06困难一周目全要素攻略解说,http://www.bilibili.com/video/av1035823,2014-03-30,08:33:00,51:28,71663,4403,350,173,362
314,1035193,黑桐谷歌【恶名昭彰 次子】05困难一周目全要素攻略解说,http://www.bilibili.com/video/av1035193,2014-03-30,03:59:28,48:31,87821,3603,315,190,293
315,1034756,黑桐谷歌【恶名昭彰 次子】04困难一周目全要素攻略解说,http://www.bilibili.com/video/av1034756,2014-03-30,00:15:57,51:16,90007,5475,230,190,383
316,1033001,黑桐谷歌【恶名昭彰 次子】困难一周目全要素攻略解说 03,http://www.bilibili.com/video/av1033001,2014-03-29,03:39:09,53:05,109214,5808,302,193,412
317,1031606,黑桐谷歌【恶名昭彰 次子】困难一周目全要素攻略解说 02,http://www.bilibili.com/video/av1031606,2014-03-28,07:20:00,56:11,149559,4740,295,292,461
318,1031218,黑桐谷歌【恶名昭彰 次子】困难一周目全要素攻略解说 01,http://www.bilibili.com/video/av1031218,2014-03-28,03:36:30,50:11,213405,8133,454,584,753
319,1028576,黑桐谷歌【GTA5】32洛圣都生存战,http://www.bilibili.com/video/av1028576,2014-03-26,04:13:41,80:34,181043,6286,417,735,1312
320,1026364,黑桐谷歌【GTA5】31-大干一票-B,http://www.bilibili.com/video/av1026364,2014-03-24,09:15:26,34:06,65400,1863,173,204,181
321,1025560,黑桐谷歌【GTA5】31-大干一票-A,http://www.bilibili.com/video/av1025560,2014-03-24,00:04:40,37:46,74255,2559,127,246,197
322,1019779,黑桐谷歌【GTA5】30疯狂杀戮四、崩溃危机、拿波里、疯狂杀戮五、拨乱反正,http://www.bilibili.com/video/av1019779,2014-03-21,00:51:49,39:00,70748,2328,136,206,150
323,1018610,黑桐谷歌【GTA5】29美国欢迎您、十面埋伏、兄弟有难,http://www.bilibili.com/video/av1018610,2014-03-20,03:42:37,48:56,64181,2825,152,186,106
324,1016458,黑桐谷歌【GTA5】28抛戈弃甲、目标风险、诈领保险、深海意外,http://www.bilibili.com/video/av1016458,2014-03-18,09:48:26,37:57,70313,4087,160,205,160
325,1014725,黑桐谷歌【GTA5】27额外佣金、终结对手、民兵边境巡逻队、风险评估、水上风险,http://www.bilibili.com/video/av1014725,2014-03-17,05:27:28,30:39,72822,2361,162,188,116
326,1011196,黑桐谷歌【GTA5】26突袭FIB-A计划、B计划,http://www.bilibili.com/video/av1011196,2014-03-15,06:02:18,41:47,77133,2279,140,202,130
327,1009222,录制测试【加速联盟】,http://www.bilibili.com/video/av1009222,2014-03-14,05:46:23,13:59,70406,2631,376,104,114
328,1006716,黑桐谷歌【GTA5】25魔鬼锻炼-崔佛、拖拽人生-三、爱女心切、法律问题,http://www.bilibili.com/video/av1006716,2014-03-12,08:05:11,32:43,63044,2387,166,181,146
329,1005223,黑桐谷歌【GTA5】24洛科的故事、FIB清洁工、建筑蓝图、一家团聚,http://www.bilibili.com/video/av1005223,2014-03-11,05:55:50,45:04,70008,2890,151,181,114
330,999963,黑桐谷歌【丧尸围城3】地毯式娱乐实况 07,http://www.bilibili.com/video/av999963,2014-03-08,03:30:16,60:28,74645,2836,132,252,87
331,999960,黑桐谷歌【丧尸围城3】地毯式娱乐实况 06,http://www.bilibili.com/video/av999960,2014-03-08,03:29:28,55:41,74981,3193,129,245,73
332,997812,黑桐谷歌【GTA5】23排除万难、魔鬼锻炼、随机任务、任人宰割,http://www.bilibili.com/video/av997812,2014-03-07,00:16:45,42:30,67147,2480,74,177,136
333,997792,黑桐谷歌【GTA5】22十全十美、劫前探路、真相大白,http://www.bilibili.com/video/av997792,2014-03-07,00:00:03,40:53,70432,2810,128,184,154
334,991663,黑桐谷歌【深海恶梦：被诅咒的心】攻略实况 04 完,http://www.bilibili.com/video/av991663,2014-03-02,05:33:47,62:42,56289,2866,136,63,114
335,990069,黑桐谷歌【丧尸围城3】地毯式娱乐实况 05,http://www.bilibili.com/video/av990069,2014-03-01,07:20:53,72:33,112199,4421,217,280,118
336,988481,黑桐谷歌【深海恶梦：被诅咒的心】攻略实况 03,http://www.bilibili.com/video/av988481,2014-02-28,10:11:34,47:05,48570,2089,176,55,52
337,987539,黑桐谷歌【GTA5】21覆车之轨、不法勾当,http://www.bilibili.com/video/av987539,2014-02-28,01:37:27,45:40,73884,2724,151,183,144
338,982278,黑桐谷歌【深海恶梦：被诅咒的心】攻略实况 02,http://www.bilibili.com/video/av982278,2014-02-24,07:51:54,38:37,92098,2387,179,106,148
339,977363,黑桐谷歌【美国末日DLC遗落】03 完,http://www.bilibili.com/video/av977363,2014-02-21,11:47:26,39:52,179915,6789,285,495,976
340,971160,黑桐谷歌【美国末日DLC遗落】02,http://www.bilibili.com/video/av971160,2014-02-17,10:20:46,51:16,191084,10833,582,522,862
341,968138,黑桐谷歌【美国末日DLC遗落】01,http://www.bilibili.com/video/av968138,2014-02-15,21:14:49,43:55,328029,10846,446,1011,1954
342,960850,黑桐谷歌【丧尸围城3】地毯式娱乐实况 04,http://www.bilibili.com/video/av960850,2014-02-12,11:38:16,62:01,152496,7286,340,337,211
343,959593,黑桐谷歌【深海恶梦：被诅咒的心】攻略实况 01,http://www.bilibili.com/video/av959593,2014-02-12,00:56:23,41:52,175461,5296,371,238,216
344,959136,黑桐谷歌【丧尸围城3】03 地毯式娱乐实况,http://www.bilibili.com/video/av959136,2014-02-11,16:05:58,78:24,176441,8436,244,387,205
345,957056,黑桐谷歌【冥煮制度3】看文盲如何当总统,http://www.bilibili.com/video/av957056,2014-02-10,09:45:45,132:53,154735,6569,412,396,150
346,951862,黑桐谷歌【GTA5】20工地暗杀行动、房地产任务、抢劫佩立托,http://www.bilibili.com/video/av951862,2014-02-08,01:12:25,35:55,133087,4802,180,337,146
347,947273,黑桐谷歌【假期实况】2014-02-06,http://www.bilibili.com/video/av947273,2014-02-05,11:47:51,37:11,115990,6073,198,96,77
348,943722,黑桐谷歌【丧尸围城3】地毯式娱乐实况 02,http://www.bilibili.com/video/av943722,2014-02-03,12:35:50,68:54,258273,12992,341,454,348
349,942094,黑桐谷歌【假期实况】2014-2-2,http://www.bilibili.com/video/av942094,2014-02-02,12:30:00,126:20,90582,5674,136,63,76
350,939470,黑桐谷歌【丧尸围城3】地毯式娱乐实况 01,http://www.bilibili.com/video/av939470,2014-02-01,00:03:19,75:32,401646,16855,385,931,653
351,937079,黑桐谷歌【丧尸围城3】12,http://www.bilibili.com/video/av937079,2014-01-30,05:52:20,62:26,339119,22481,708,736,1586
352,934575,黑桐谷歌【假期实况】2014-1-29 生化危机6,http://www.bilibili.com/video/av934575,2014-01-28,23:24:30,34:12,88275,5224,155,133,107
353,934571,黑桐谷歌【假期实况】2014-1-28 海岛大亨4,http://www.bilibili.com/video/av934571,2014-01-28,23:23:10,31:55,30130,1583,58,47,36
354,929870,黑桐谷歌【丧尸围城3】11,http://www.bilibili.com/video/av929870,2014-01-26,04:12:42,40:23,281167,11675,377,552,616
355,928581,黑桐谷歌【假期实况】2014-1-25 海岛大亨4,http://www.bilibili.com/video/av928581,2014-01-25,08:18:25,58:13,44266,2713,155,59,83
356,924478,黑桐谷歌【假期实况】2014-1-23 海岛大亨4,http://www.bilibili.com/video/av924478,2014-01-23,01:23:58,87:39,46890,2548,187,46,91
357,923998,黑桐谷歌【GTA5】19 谍影重重、以小吃大、抢劫佩立托计划、弱肉强食,http://www.bilibili.com/video/av923998,2014-01-22,15:45:03,58:22,80605,3649,83,204,150
358,919943,黑桐谷歌【假期实况】2014-1-20 海岛大亨4,http://www.bilibili.com/video/av919943,2014-01-20,02:44:29,38:36,39261,1082,81,51,46
359,918802,黑桐谷歌【假期实况】2014-1-19 海岛大亨4,http://www.bilibili.com/video/av918802,2014-01-19,06:29:21,43:28,54216,2491,170,50,74
360,915795,黑桐谷歌【丧尸围城3】10,http://www.bilibili.com/video/av915795,2014-01-17,05:47:23,29:51,341350,8629,504,655,539
361,914556,黑桐谷歌【假期实况】2014-1-16海岛大亨,http://www.bilibili.com/video/av914556,2014-01-16,09:04:36,66:15,61258,2817,145,71,96
362,912101,黑桐谷歌【假期实况】2014-1-14海岛大亨,http://www.bilibili.com/video/av912101,2014-01-14,16:40:27,41:25,179972,6507,273,216,277
363,908199,GeForce Experience ShadowPlay录制与压制效果测试,http://www.bilibili.com/video/av908199,2014-01-11,23:42:42,17:04,26771,1083,107,40,9
364,905095,黑桐谷歌【丧尸围城3】09,http://www.bilibili.com/video/av905095,2014-01-09,14:42:14,24:00,341920,6671,279,634,775
365,903591,黑桐谷歌【GTA5】18暗杀系列任务、疯狂杀戮三、飞行事故,http://www.bilibili.com/video/av903591,2014-01-08,07:20:40,37:50,80146,2677,89,206,111
366,902819,黑桐谷歌【GTA5】17胆大妄为、天王老子、天网恢恢,http://www.bilibili.com/video/av902819,2014-01-07,13:28:45,44:23,120305,3042,89,242,165
367,897074,黑桐谷歌【丧尸围城3】08,http://www.bilibili.com/video/av897074,2014-01-03,02:38:15,32:30,330125,8818,355,649,633
368,894388,黑桐谷歌【丧尸围城3】07,http://www.bilibili.com/video/av894388,2013-12-31,23:08:12,26:15,202937,12087,427,555,591
369,893474,黑桐谷歌【GTA5】16 闪电突袭（系列任务）,http://www.bilibili.com/video/av893474,2013-12-31,06:14:06,24:19,63317,1905,184,187,164
370,892590,黑桐谷歌【GTA5】15 抢劫梅利威瑟AB、疯狂杀戮二,http://www.bilibili.com/video/av892590,2013-12-30,13:07:02,38:05,67724,2025,111,181,128
371,886968,黑桐谷歌【丧尸围城3】05 06,http://www.bilibili.com/video/av886968,2013-12-26,01:45:55,60:38,457734,14094,444,903,953
372,886349,黑桐谷歌【GTA5】14探查港口、遁迹潜行、运兵直升机,http://www.bilibili.com/video/av886349,2013-12-25,08:53:42,33:09,70282,2471,101,186,122
373,879172,黑桐谷歌【丧尸围城3】03 04,http://www.bilibili.com/video/av879172,2013-12-20,01:30:14,61:47,545190,14310,574,1027,1096
374,874924,黑桐谷歌【GTA5】13毒窟逃亡、哈草战士-老崔、依计行事,http://www.bilibili.com/video/av874924,2013-12-16,05:02:00,45:40,97583,3385,127,207,185
375,872327,黑桐谷歌【丧尸围城3】02,http://www.bilibili.com/video/av872327,2013-12-14,05:25:17,35:58,411780,13186,448,797,847
376,869465,黑桐谷歌【丧尸围城3】01 一周目噩梦模式S结局中文字幕攻略解说,http://www.bilibili.com/video/av869465,2013-12-11,21:47:10,46:27,449070,13960,536,1648,1715
377,862530,黑桐谷歌【GTA5】12三人成伍、狗仔-系列任务、哈草战士-系列任务,http://www.bilibili.com/video/av862530,2013-12-06,04:38:40,33:54,70017,2326,76,188,142
378,861648,黑桐谷歌【GTA5】11恶贯满盈、蓝点任务、死里逃生、平安喜乐,http://www.bilibili.com/video/av861648,2013-12-05,08:14:25,46:12,69079,3598,66,201,125
379,859934,黑桐谷歌【GTA5特别节目】壕迈之旅,http://www.bilibili.com/video/av859934,2013-12-03,22:55:49,52:23,94507,3611,145,364,225
380,859931,黑桐谷歌【丧尸围城3】入手初体验,http://www.bilibili.com/video/av859931,2013-12-03,22:50:23,53:10,209096,8399,239,344,239
381,858612,黑桐谷歌 合集【使命召唤 幽灵】,http://www.bilibili.com/video/av858612,2013-12-02,11:25:28,00:00,141195,0,94,2138,298
382,858603,黑桐谷歌 合集【杀手已死】,http://www.bilibili.com/video/av858603,2013-12-02,11:14:41,00:00,74624,0,34,1099,127
383,858596,黑桐谷歌&310 合集【死亡空间2】娱乐解说,http://www.bilibili.com/video/av858596,2013-12-02,11:09:11,00:00,105778,0,78,1707,236
384,858576,黑桐谷歌 合集【丧尸围城2】,http://www.bilibili.com/video/av858576,2013-12-02,10:46:25,00:00,158971,0,166,2698,325
385,858567,黑桐谷歌 合集【刺客信条 启示录】,http://www.bilibili.com/video/av858567,2013-12-02,10:39:42,00:00,205099,0,116,5750,404
386,858557,黑桐谷歌 合集【刺客信条 兄弟会】影视剪辑版,http://www.bilibili.com/video/av858557,2013-12-02,10:31:40,00:00,120448,0,93,3589,235
387,858493,黑桐谷歌 合集【战神 升天】视频攻略解说,http://www.bilibili.com/video/av858493,2013-12-02,09:45:25,00:00,172672,0,96,2792,339
388,855256,黑桐谷歌【COD GHOST中文字幕视频攻略解说】12穷途末路,http://www.bilibili.com/video/av855256,2013-11-30,04:10:16,13:01,27016,886,46,42,79
389,855227,黑桐谷歌【COD GHOST中文字幕视频攻略解说】11深海探奇,http://www.bilibili.com/video/av855227,2013-11-30,03:43:42,16:04,17622,867,28,33,36
390,855224,黑桐谷歌【COD GHOST中文字幕视频攻略解说】10阿特拉斯的陨落,http://www.bilibili.com/video/av855224,2013-11-30,03:42:52,13:31,19072,857,36,41,43
391,853819,黑桐谷歌【COD GHOST中文字幕视频攻略解说】09钟点工,http://www.bilibili.com/video/av853819,2013-11-29,02:17:24,19:12,23823,1121,41,32,55
392,852414,黑桐谷歌 周合集 11月27~30日（补番专用）,http://www.bilibili.com/video/av852414,2013-11-27,16:57:55,19:12,40653,0,69,75,51
393,852413,黑桐谷歌【COD GHOST中文字幕视频攻略解说】08追杀令,http://www.bilibili.com/video/av852413,2013-11-27,16:54:52,14:14,19882,875,28,31,54
394,852412,黑桐谷歌【COD GHOST中文字幕视频攻略解说】07猛禽行动,http://www.bilibili.com/video/av852412,2013-11-27,16:53:21,16:49,21069,993,24,38,43
395,852064,黑桐谷歌【COD GHOST中文字幕视频攻略解说】06联邦节,http://www.bilibili.com/video/av852064,2013-11-27,07:13:38,18:07,26879,1246,74,45,57
396,847990,黑桐谷歌【GTA5】10出名与出丑、好丈夫、饭店暗杀行动,http://www.bilibili.com/video/av847990,2013-11-24,00:12:43,31:32,76370,2500,140,200,162
397,846735,黑桐谷歌【GTA5】09悬赏任务三、四、重修旧好,http://www.bilibili.com/video/av846735,2013-11-23,04:44:36,32:55,51189,2487,82,180,112
398,846116,黑桐谷歌 周合集 11月18~24日（补番专用）,http://www.bilibili.com/video/av846116,2013-11-22,21:08:15,00:00,35235,0,89,64,63
399,846097,黑桐谷歌【GTA5】08射击练习、悬赏任务二、疯狂杀戮一、冰du迷宫,http://www.bilibili.com/video/av846097,2013-11-22,20:44:13,37:40,59125,2888,90,177,161
400,844733,黑桐谷歌【GTA5】07焦虑小罗、悬赏任务一、催佛·菲利普企业,http://www.bilibili.com/video/av844733,2013-11-21,13:33:06,32:32,66426,2468,90,184,186
401,841944,黑桐谷歌【GTA5】射击场金牌挑战 教学解说,http://www.bilibili.com/video/av841944,2013-11-19,03:32:02,28:00,33336,881,55,147,119
402,841180,黑桐谷歌【GTA5】06 误踩陷阱、拖拽人生二、菲利普先生,http://www.bilibili.com/video/av841180,2013-11-18,08:46:43,38:37,93817,2686,158,179,196
403,838860,黑桐谷歌【GTA5】出名与出丑 完整版,http://www.bilibili.com/video/av838860,2013-11-16,19:49:06,15:20,47953,1112,96,165,67
404,838859,黑桐谷歌【COD GHOST】有解说05不死传说,http://www.bilibili.com/video/av838859,2013-11-16,19:47:47,16:02,27459,1213,65,32,77
405,832747,黑桐谷歌【COD GHOST中文字幕视频攻略解说】04、05,http://www.bilibili.com/video/av832747,2013-11-11,21:06:48,27:56,63208,2006,236,82,169
406,832745,黑桐谷歌【GTA5】03、04、05,http://www.bilibili.com/video/av832745,2013-11-11,21:05:09,55:16,97296,4054,107,271,284
407,826486,黑桐谷歌【GTA5】03狗仔2、婚姻咨询、人格分裂、交换条件,http://www.bilibili.com/video/av826486,2013-11-07,18:02:42,40:48,93474,3605,120,201,261
408,824816,黑桐谷歌【COD GHOST中文字幕视频攻略解说】03击倒,http://www.bilibili.com/video/av824816,2013-11-06,05:44:25,14:46,106822,1917,193,93,262
409,823196,黑桐谷歌【COD GHOST中文字幕视频攻略解说】02无人区,http://www.bilibili.com/video/av823196,2013-11-04,22:09:28,18:06,143675,2419,1946,148,321
410,822961,黑桐谷歌【COD GHOST中文字幕视频攻略解说】01勇敢的新世界,http://www.bilibili.com/video/av822961,2013-11-04,11:37:35,25:54,98468,5570,215,216,226
411,820722,黑桐谷歌【GTA5】02错综复杂、哈草战士-麦克、其父其子,http://www.bilibili.com/video/av820722,2013-11-02,23:43:25,34:44,113777,2408,244,280,298
412,819852,黑桐谷歌【GTA5】01富兰克林和拉玛、有借有还、牵拖人生一、小查、狗仔,http://www.bilibili.com/video/av819852,2013-11-02,08:06:27,60:10,162809,4700,528,706,548
413,816808,黑桐谷歌【超凡双生】无解说 合集,http://www.bilibili.com/video/av816808,2013-10-31,02:29:22,390:14,19845,383,41,473,58
414,816802,黑桐谷歌【超凡双生】合集 有解说,http://www.bilibili.com/video/av816802,2013-10-31,02:19:11,00:00,527818,0,462,6714,1940
415,816799,黑桐谷歌【超凡双生】11黑太阳,http://www.bilibili.com/video/av816799,2013-10-31,02:14:24,58:16,92910,10476,281,195,789
416,815920,黑桐谷歌【恶魔城 黑暗领主2 DEMO】初体验试玩,http://www.bilibili.com/video/av815920,2013-10-30,05:57:51,26:08,51781,2533,157,63,55
417,815533,黑桐谷歌【超凡双生】10龙的藏身处、荣绕之心,http://www.bilibili.com/video/av815533,2013-10-29,23:25:17,65:00,70226,3516,453,150,306
418,809499,黑桐谷歌【超凡双生】09老朋友、诺拉、任务简报,http://www.bilibili.com/video/av809499,2013-10-25,06:10:11,45:31,103703,7357,291,195,386
419,808497,黑桐谷歌【超凡双生】08任务,http://www.bilibili.com/video/av808497,2013-10-24,08:39:24,53:59,71187,10497,312,145,328
420,807230,黑桐谷歌【超凡双生】07 诀别、晚餐、晚上的交谈,http://www.bilibili.com/video/av807230,2013-10-23,05:50:21,52:55,78094,13340,325,171,406
421,806369,黑桐谷歌【超凡双生】06 纳瓦霍,http://www.bilibili.com/video/av806369,2013-10-22,09:19:35,67:00,97900,16541,339,181,563
422,804245,黑桐谷歌【超凡双生】05第一个晚上、和其他女孩一样、孤独,http://www.bilibili.com/video/av804245,2013-10-20,09:25:48,45:58,115469,10056,335,200,574
423,801074,黑桐谷歌【超凡双生】04 无家可归,http://www.bilibili.com/video/av801074,2013-10-18,08:44:45,68:00,133968,18343,406,289,1187
424,799769,黑桐谷歌【超凡双生】03 我想象中的朋友、聚魂器,http://www.bilibili.com/video/av799769,2013-10-17,07:44:15,67:00,121787,15099,293,197,535
425,798781,黑桐谷歌【超凡双生】02 初次会面、欢迎来到CIA、逃亡,http://www.bilibili.com/video/av798781,2013-10-16,09:13:11,44:05,139249,9515,373,257,543
426,797670,黑桐谷歌【超凡双生】01 序章/破碎/实验/大使馆/派对,http://www.bilibili.com/video/av797670,2013-10-15,09:28:01,43:57,207952,14933,608,754,929
427,792993,黑桐谷歌【三国无双7】蜀篇 幻想剧情 06魏攻略战,http://www.bilibili.com/video/av792993,2013-10-11,19:08:14,33:55,60870,3776,130,208,195
428,792225,黑桐谷歌【三国无双7】蜀篇 幻想剧情 05洛阳侵攻战,http://www.bilibili.com/video/av792225,2013-10-11,02:46:36,21:17,58909,2237,79,200,109
429,790588,黑桐谷歌【杀手已死】07 完结,http://www.bilibili.com/video/av790588,2013-10-09,10:36:19,35:25,39916,2994,129,57,233
430,789447,黑桐谷歌【超凡双生】试玩,http://www.bilibili.com/video/av789447,2013-10-08,09:25:11,37:55,130243,5079,410,233,444
431,777175,黑桐谷歌【三国无双7】蜀篇 幻想剧情 01~04,http://www.bilibili.com/video/av777175,2013-09-30,02:51:26,17:28,197131,10366,361,676,442
432,777173,黑桐谷歌【杀手已死】有解说版 05 06,http://www.bilibili.com/video/av777173,2013-09-30,02:45:50,102:02,53316,8619,98,77,168
433,775944,黑桐谷歌【唐老鸭历险记 重制版】有解说版06完结篇,http://www.bilibili.com/video/av775944,2013-09-29,02:55:25,49:07,101765,2804,148,159,430
434,771814,黑桐谷歌【杀手已死】有解说版 03 04,http://www.bilibili.com/video/av771814,2013-09-25,05:46:42,61:17,91721,4679,150,109,262
435,769147,黑桐谷歌【休闲实况2013-09-22】怪物猎人P3,http://www.bilibili.com/video/av769147,2013-09-22,09:42:18,39:03,37561,1876,164,119,65
436,767885,黑桐谷歌【休闲实况2013-09-21】怪物猎人,http://www.bilibili.com/video/av767885,2013-09-21,06:40:50,43:16,29787,1855,168,96,62
437,766795,黑桐谷歌【休闲实况2013-09-20】怪物猎人,http://www.bilibili.com/video/av766795,2013-09-20,10:53:41,61:25,45442,3114,124,125,61
438,764329,黑桐谷歌【休闲实况2013-09-19】怪物猎人,http://www.bilibili.com/video/av764329,2013-09-18,23:19:26,44:33,136604,3927,281,230,156
439,763360,黑桐谷歌【唐老鸭历险记 重制版】05未知宝地-飞往月球,http://www.bilibili.com/video/av763360,2013-09-18,03:48:23,59:39,29070,3085,135,65,151
440,762669,黑桐谷歌【杀手已死】 02,http://www.bilibili.com/video/av762669,2013-09-17,07:36:57,70:58,65858,5376,224,80,228
441,757198,黑桐谷歌【杀手已死】01【分P】,http://www.bilibili.com/video/av757198,2013-09-12,19:40:08,77:34,136742,9238,364,285,356
442,750020,黑桐谷歌【唐老鸭历险记 重制版】04冰天雪地-喜马拉雅,http://www.bilibili.com/video/av750020,2013-09-06,21:23:34,25:21,76746,3175,166,99,252
443,746679,黑桐谷歌【唐老鸭历险记 重制版】03地心游记-非洲矿洞,http://www.bilibili.com/video/av746679,2013-09-04,02:51:58,19:29,81607,2596,191,107,269
444,744095,黑桐谷歌【唐老鸭历险记 重制版】02吸血鬼乡-特兰西瓦尼亚,http://www.bilibili.com/video/av744095,2013-09-01,14:58:26,25:23,95373,3083,230,161,454
445,732594,超级多玩星期天26：GTA5公布全新的多人在线模式,http://www.bilibili.com/video/av732594,2013-08-26,01:04:00,27:31,23700,1674,47,19,10
446,725093,黑桐谷歌【唐老鸭历险记 重制版】01 遗迹宝藏-亚马逊,http://www.bilibili.com/video/av725093,2013-08-22,06:01:50,35:21,171279,7660,426,316,455
447,704179,黑桐谷歌【荒野大镖客】归乡复仇篇 完结,http://www.bilibili.com/video/av704179,2013-08-18,22:29:57,25:01,72832,3586,852,423,312
448,703679,超级多玩星期天第23期 割草游戏的发展史,http://www.bilibili.com/video/av703679,2013-08-12,03:29:18,104:42,16098,1260,27,20,6
449,689622,超级多玩星期天第23期：CJ展上的PK,http://www.bilibili.com/video/av689622,2013-08-11,22:54:07,24:14,8280,895,14,10,3
450,675554,超级多玩星期天22期：CJ展上侃侃冒险类游戏,http://www.bilibili.com/video/av675554,2013-08-05,01:29:45,22:47,17267,1320,26,25,5
451,662075,超级多玩星期天21期;戏说动作游戏史,http://www.bilibili.com/video/av662075,2013-07-28,23:22:01,24:49,19443,1418,23,19,10
452,656461,黑桐谷歌 第九集+合集【美国末日】视频攻略解说,http://www.bilibili.com/video/av656461,2013-07-21,12:18:25,20:05,726811,35058,1789,9595,8018
453,650294,超级多玩星期天20：一血的由来原来是这样！,http://www.bilibili.com/video/av650294,2013-07-18,10:33:46,84:25,23246,1761,19,15,3
454,650128,黑桐谷歌 第八集【美国末日】视频攻略解说,http://www.bilibili.com/video/av650128,2013-07-14,23:36:05,22:21,181827,31722,973,261,1489
455,646052,黑桐谷歌 第七集【美国末日】视频攻略解说,http://www.bilibili.com/video/av646052,2013-07-14,21:42:07,75:03,165322,14034,832,224,956
456,643365,【冰冰谷歌】战神2 一命泰坦合作解说,http://www.bilibili.com/video/av643365,2013-07-12,08:40:58,46:20,63442,3850,282,104,107
457,640383,小双病初愈 首次和观众们见面,http://www.bilibili.com/video/av640383,2013-07-10,22:42:24,36:13,54176,420,92,37,6
458,638558,超级多玩星期天19：一周新游戏推荐&介绍,http://www.bilibili.com/video/av638558,2013-07-08,01:00:31,24:15,14678,1150,14,15,9
459,637108,黑桐谷歌 第六集【美国末日】视频攻略解说,http://www.bilibili.com/video/av637108,2013-07-07,04:00:19,48:21,189497,6836,1205,282,1606
460,630135,我想你一定见过很多种尸体 这正常吗…你要我怎么做 再给他补上一枪吗,http://www.bilibili.com/video/av630135,2013-07-03,04:28:23,00:38,389585,1804,261,380,137
461,628838,黑桐谷歌 第五集【美国末日】视频攻略解说,http://www.bilibili.com/video/av628838,2013-07-02,06:31:35,59:44,190504,19217,683,297,1098
462,626623,超级多玩星期天18：怪物猎人“首”猎解禁！,http://www.bilibili.com/video/av626623,2013-06-30,23:17:23,29:57,20337,1540,19,15,5
463,626532,黑桐谷歌 第四集 下【美国末日】视频攻略解说,http://www.bilibili.com/video/av626532,2013-06-30,22:00:43,53:07,156956,16155,428,243,1117
464,622151,黑桐谷歌 第四集 上【美国末日】视频攻略解说,http://www.bilibili.com/video/av622151,2013-06-28,07:27:05,62:15,181430,15999,686,279,933
465,617666,黑桐谷歌 第三集【美国末日】视频攻略解说,http://www.bilibili.com/video/av617666,2013-06-25,06:43:53,74:54,209020,19629,490,355,1546
466,615886,超级多玩星期天第17期 小学生放假 游戏扎推测,http://www.bilibili.com/video/av615886,2013-06-24,02:07:28,24:02,16627,1053,33,7,6
467,614247,超级多玩星期天第16期 美国E3展海量游戏情报公布,http://www.bilibili.com/video/av614247,2013-06-22,23:48:41,26:15,13684,1204,22,10,2
468,613339,黑桐谷歌 第二集【美国末日】视频攻略解说,http://www.bilibili.com/video/av613339,2013-06-22,07:31:00,73:48,223376,22083,677,392,1202
469,609981,黑桐谷歌 第一集【美国末日】视频攻略解说,http://www.bilibili.com/video/av609981,2013-06-20,00:45:01,74:50,324625,34727,870,1090,1623
470,600545,黑桐谷歌 救赎篇合集【荒野大镖客】,http://www.bilibili.com/video/av600545,2013-06-12,08:07:50,00:00,53316,0,563,758,204
471,600515,黑桐谷歌【荒野大镖客】46 47 救赎篇完,http://www.bilibili.com/video/av600515,2013-06-12,07:48:03,39:45,11270,1691,90,29,33
472,596683,黑桐谷歌【荒野大镖客】44 45,http://www.bilibili.com/video/av596683,2013-06-09,10:25:56,27:14,14493,1084,37,22,32
473,595305,黑桐谷歌【荒野大镖客】42 43 救赎篇开始,http://www.bilibili.com/video/av595305,2013-06-08,08:13:16,32:41,14635,1367,52,25,66
474,595025,超级多玩星期天15期-神烦的页游广告！,http://www.bilibili.com/video/av595025,2013-06-08,04:42:47,23:40,16311,1217,28,19,13
475,593672,黑桐谷歌 合集【荒野大镖客】墨西哥篇 完结,http://www.bilibili.com/video/av593672,2013-06-07,03:43:54,00:00,100409,0,93,998,420
476,590677,黑桐谷歌【荒野大镖客】41,http://www.bilibili.com/video/av590677,2013-06-04,10:35:12,16:35,16819,966,48,24,42
477,589196,黑桐谷歌【荒野大镖客】39 40,http://www.bilibili.com/video/av589196,2013-06-03,05:08:35,32:50,15957,1616,41,30,32
478,588981,超级多玩星期天14期花絮,http://www.bilibili.com/video/av588981,2013-06-03,00:48:21,01:30,6070,74,11,5,0
479,587536,超级多玩星期天14：网游们的另类赚钱法,http://www.bilibili.com/video/av587536,2013-06-01,23:17:30,26:53,10791,883,24,8,2
480,586955,黑桐谷歌 实况解说【THE LAST OF US】 试玩版,http://www.bilibili.com/video/av586955,2013-06-01,10:17:44,27:09,27776,1523,78,27,39
481,586074,黑桐谷歌【THE LAST OF US】 6月1日试玩体验 困难难度,http://www.bilibili.com/video/av586074,2013-05-31,22:56:42,21:59,35385,1589,129,43,47
482,585651,生化危机6 NO HOPE难度实况.,http://www.bilibili.com/video/av585651,2013-05-31,11:29:03,55:47,21639,1473,26,49,21
483,583817,黑桐谷歌【RED DEAD REDEMPTION】37 38,http://www.bilibili.com/video/av583817,2013-05-29,23:35:41,31:23,15136,1219,44,20,47
484,582294,黑桐谷歌【荒野大镖客-支线】自由大冒险实况01,http://www.bilibili.com/video/av582294,2013-05-28,07:32:50,68:16,17381,2055,52,42,22
485,580876,超级多玩星期天13：浅谈国内武侠网游123,http://www.bilibili.com/video/av580876,2013-05-26,21:45:34,23:13,8507,636,11,5,2
486,580872,黑桐谷歌【死一路实况】星期一 2013-05-27,http://www.bilibili.com/video/av580872,2013-05-26,21:39:17,59:42,21185,1673,44,28,18
487,580235,黑桐谷歌【死一路实况】星期天 2013-05-26 [1],http://www.bilibili.com/video/av580235,2013-05-26,05:47:20,16:35,18493,709,32,11,13
488,578457,黑桐谷歌【RED DEAD REDEMPTION】35 36,http://www.bilibili.com/video/av578457,2013-05-25,00:27:55,17:59,15959,1017,50,19,39
489,576842,合集 黑桐谷歌【战神3】视频攻略解说,http://www.bilibili.com/video/av576842,2013-05-23,11:23:52,63:56,552811,12669,471,6486,1177
490,576522,黑桐谷歌【死一路实况】最后两集,http://www.bilibili.com/video/av576522,2013-05-23,06:46:51,64:46,30060,2750,58,14,88
491,575345,黑桐谷歌【死一路实况】2013-05-22,http://www.bilibili.com/video/av575345,2013-05-22,02:30:13,61:29,17863,1673,67,11,24
492,574504,黑桐谷歌【死一路实况】2013-05-21,http://www.bilibili.com/video/av574504,2013-05-21,06:37:56,69:19,16547,1241,51,11,15
493,573736,黑桐谷歌【死一路实况】星期一 2013-05-20,http://www.bilibili.com/video/av573736,2013-05-20,09:41:48,63:20,21171,1842,33,19,20
494,573197,超级多玩星期天12：浅谈游戏引擎,http://www.bilibili.com/video/av573197,2013-05-20,00:32:07,26:00,10518,1009,16,19,4
495,571464,黑桐谷歌【死一路实况】星期天 2013-05-19,http://www.bilibili.com/video/av571464,2013-05-18,09:06:21,65:03,19938,2448,37,25,26
496,570731,黑桐谷歌【死一路实况】2013-05-18,http://www.bilibili.com/video/av570731,2013-05-17,23:17:53,58:10,18637,1696,25,18,20
497,569575,黑桐谷歌【死一路实况】2013-05-17,http://www.bilibili.com/video/av569575,2013-05-16,23:32:30,62:14,18059,1811,23,18,19
498,568943,黑桐谷歌【死一路实况】2013-05-16,http://www.bilibili.com/video/av568943,2013-05-16,06:08:05,56:20,19915,1751,39,11,22
499,568009,黑桐谷歌【死一路实况】2013-05-15,http://www.bilibili.com/video/av568009,2013-05-15,05:25:58,59:46,25062,1317,58,18,18
500,567466,黑桐谷歌【死一路实况】2013-05-14,http://www.bilibili.com/video/av567466,2013-05-14,11:14:26,53:37,51316,2350,132,41,24
501,565936,超级多玩星期天11：连连看不要激活码,http://www.bilibili.com/video/av565936,2013-05-13,01:37:46,23:18,8742,659,13,6,3
502,563221,黑桐谷歌【RED DEAD REDEMPTION】31 32 33 34,http://www.bilibili.com/video/av563221,2013-05-10,22:00:44,45:26,19431,2143,64,28,39
503,561568,黑桐谷歌【RED DEAD REDEMPTION】29 30,http://www.bilibili.com/video/av561568,2013-05-09,06:49:12,25:42,14656,1370,41,24,42
504,560838,黑桐谷歌【RED DEAD REDEMPTION】27 28,http://www.bilibili.com/video/av560838,2013-05-08,10:37:03,22:11,22977,1507,59,30,57
505,559910,【荒野大镖客:救赎】 第一季合集 黑桐谷歌,http://www.bilibili.com/video/av559910,2013-05-07,11:54:14,00:00,161080,0,119,2695,639
506,558917,黑桐谷歌【RED DEAD REDEMPTION】25 26,http://www.bilibili.com/video/av558917,2013-05-06,09:11:05,26:15,18182,1786,43,31,53
507,556729,黑桐谷歌【休闲实况】2013-05-04,http://www.bilibili.com/video/av556729,2013-05-04,09:31:33,59:27,15848,1508,34,14,11
508,556727,黑桐谷歌【RED DEAD REDEMPTION】23 24,http://www.bilibili.com/video/av556727,2013-05-04,09:30:24,26:39,20380,1934,38,26,102
509,555502,黑桐谷歌【休闲实况】2013-05-03,http://www.bilibili.com/video/av555502,2013-05-03,09:29:43,56:48,24151,1858,96,25,24
510,554037,黑桐谷歌【RED DEAD REDEMPTION】17 18 19,http://www.bilibili.com/video/av554037,2013-05-02,04:24:09,25:54,23347,1843,174,20,55
511,554036,黑桐谷歌【RED DEAD REDEMPTION】20 21 22,http://www.bilibili.com/video/av554036,2013-05-02,04:24:01,27:35,21038,1378,106,24,45
512,549255,黑桐谷歌【荒野大镖客：救赎】14 15 16,http://www.bilibili.com/video/av549255,2013-04-28,09:42:36,35:01,29130,2646,69,33,80
513,548579,超级多玩星期天09期：那些要你肾的激活码,http://www.bilibili.com/video/av548579,2013-04-27,22:30:27,29:44,13791,1145,34,6,4
514,546843,黑桐谷歌【荒野大镖客：救赎】10 11 12 13,http://www.bilibili.com/video/av546843,2013-04-26,00:32:34,40:34,31689,2907,61,35,68
515,544724,黑桐谷歌【荒野大镖客：救赎】06 07 09,http://www.bilibili.com/video/av544724,2013-04-23,09:59:41,40:08,42869,3404,166,44,82
516,543783,黑桐谷歌【荒野大镖客：救赎】03 04 08 05,http://www.bilibili.com/video/av543783,2013-04-22,09:36:49,28:00,63383,2943,129,64,54
517,542221,超级多玩星期天08期：新主播小双处女首秀,http://www.bilibili.com/video/av542221,2013-04-21,00:18:54,26:22,21633,1339,34,19,4
518,541069,黑桐谷歌【荒野大镖客：救赎】01-02,http://www.bilibili.com/video/av541069,2013-04-19,23:57:52,24:28,110342,6308,265,197,173
519,537243,黑桐谷歌【战神升天视频攻略】12,http://www.bilibili.com/video/av537243,2013-04-16,01:12:08,32:11,81713,4087,171,91,304
520,536604,黑桐谷歌【战神升天视频攻略】11,http://www.bilibili.com/video/av536604,2013-04-15,06:41:07,21:41,45762,2156,91,61,50
521,535271,超级多玩星期天7期：那些烧钱的游戏！,http://www.bilibili.com/video/av535271,2013-04-14,00:58:20,29:02,19984,1591,30,13,0
522,533988,黑桐谷歌【战神升天视频攻略】10,http://www.bilibili.com/video/av533988,2013-04-13,01:01:10,30:22,63317,2820,90,63,50
523,532255,黑桐谷歌【战神升天视频攻略】09,http://www.bilibili.com/video/av532255,2013-04-11,08:41:16,39:51,62507,3437,123,75,50
524,531417,黑桐谷歌【战神升天视频攻略】08,http://www.bilibili.com/video/av531417,2013-04-10,08:11:47,29:40,64799,3100,71,69,43
525,529734,黑桐谷歌【战神升天视频攻略】07,http://www.bilibili.com/video/av529734,2013-04-08,08:57:51,35:38,66124,3285,97,76,55
526,528764,黑桐谷歌【战神升天视频攻略】06,http://www.bilibili.com/video/av528764,2013-04-07,07:48:08,31:38,73728,4000,103,72,72
527,528544,超级多玩星期天 第6期《晴空物语》热度逆天,http://www.bilibili.com/video/av528544,2013-04-07,04:02:58,24:54,13091,910,15,14,1
528,525701,黑桐谷歌【战神升天视频攻略】05,http://www.bilibili.com/video/av525701,2013-04-04,23:43:24,31:35,81428,3269,240,76,52
529,524354,黑桐谷歌【战神升天视频攻略】04,http://www.bilibili.com/video/av524354,2013-04-03,22:53:33,29:34,63945,3287,107,80,28
530,523961,黑桐谷歌【战神升天视频攻略】03,http://www.bilibili.com/video/av523961,2013-04-03,09:47:28,28:28,67677,2842,68,82,51
531,521684,黑桐谷歌【战神升天视频攻略】01,http://www.bilibili.com/video/av521684,2013-04-01,03:59:24,34:19,134569,4316,151,281,121
532,520132,超级多玩星期天 第五期 浅谈V家中国现状,http://www.bilibili.com/video/av520132,2013-03-30,23:46:27,26:36,16935,971,22,43,1
533,519406,黑桐谷歌 完结合集【新鬼泣 娱乐攻略】,http://www.bilibili.com/video/av519406,2013-03-30,07:42:46,19:36,395005,4635,444,3732,4491
534,516607,黑桐谷歌【休闲实况】2013-03-27,http://www.bilibili.com/video/av516607,2013-03-27,21:43:57,49:12,22534,592,31,15,5
535,514270,黑桐谷歌【休闲实况】2013-03-25,http://www.bilibili.com/video/av514270,2013-03-25,06:36:08,52:56,45531,1852,128,173,23
536,513073,奈奈生化危机6初体验双人实况 里昂篇第一章,http://www.bilibili.com/video/av513073,2013-03-24,02:34:58,55:02,41076,2585,127,80,15
537,512729,超级多玩星期天第04期：英雄联盟对战魔兽世界,http://www.bilibili.com/video/av512729,2013-03-23,22:14:07,27:53,11888,1032,23,11,2
538,512018,黑桐谷歌【休闲实况】2013-03-23,http://www.bilibili.com/video/av512018,2013-03-23,06:32:21,46:18,17763,884,34,20,4
539,511090,黑桐谷歌【休闲实况】2013-03-22,http://www.bilibili.com/video/av511090,2013-03-22,09:55:37,69:54,22819,1545,41,22,6
540,508561,黑桐谷歌【新鬼泣 挑战与收集】16-20,http://www.bilibili.com/video/av508561,2013-03-19,23:37:31,20:10,19080,753,26,55,20
541,507545,黑桐谷歌【新鬼泣 娱乐攻略】19 正视恶魔,http://www.bilibili.com/video/av507545,2013-03-18,21:37:55,13:47,46043,3030,74,63,12
542,507301,战神：升天 初体验 不一定做,http://www.bilibili.com/video/av507301,2013-03-18,10:45:50,34:23,60486,3097,127,71,10
543,506242,超级多玩星期天第03期：谁动了我们的虚拟财产,http://www.bilibili.com/video/av506242,2013-03-17,08:57:16,23:34,9019,648,22,11,1
544,504167,黑桐谷歌【新鬼泣 娱乐攻略】18 深入魔穴,http://www.bilibili.com/video/av504167,2013-03-15,22:00:45,12:06,52433,1827,77,57,14
545,503572,黑桐谷歌【新鬼泣 娱乐攻略】17 灵魂熔炉,http://www.bilibili.com/video/av503572,2013-03-15,06:48:43,09:06,50569,1418,86,47,36
546,502272,黑桐谷歌【新鬼泣 娱乐攻略】16 计划,http://www.bilibili.com/video/av502272,2013-03-13,22:23:56,26:04,41060,2850,86,48,26
547,501160,黑桐谷歌【新鬼泣 挑战与收集】11-15,http://www.bilibili.com/video/av501160,2013-03-12,11:08:03,16:21,11794,519,16,56,4
548,500460,黑桐谷歌【新鬼泣 娱乐攻略】15 交易,http://www.bilibili.com/video/av500460,2013-03-11,12:13:32,08:25,33214,1567,45,39,14
549,498884,黑桐谷歌【新鬼泣 娱乐攻略】14 终结之舞,http://www.bilibili.com/video/av498884,2013-03-09,23:19:45,06:14,60306,2046,84,54,37
550,498850,【超级多玩星期天】第02期-打码宣传就能火,http://www.bilibili.com/video/av498850,2013-03-09,22:51:57,24:49,23802,1260,37,30,2
551,497559,黑桐谷歌【新鬼泣 娱乐攻略】13 恶魔调戏,http://www.bilibili.com/video/av497559,2013-03-08,21:25:34,25:31,47148,3209,62,54,53
552,496460,黑桐谷歌【新鬼泣 娱乐攻略】12 十面埋伏,http://www.bilibili.com/video/av496460,2013-03-07,20:46:50,15:08,48271,2396,48,62,46
553,496336,12关练习中……各种卖萌操作,http://www.bilibili.com/video/av496336,2013-03-07,12:48:30,14:19,12334,336,11,11,2
554,495179,黑桐谷歌【新鬼泣 娱乐攻略】11 秩序教团,http://www.bilibili.com/video/av495179,2013-03-06,05:36:20,12:09,48463,1318,69,60,19
555,494404,黑桐谷歌【新鬼泣 挑战与收集】06-10,http://www.bilibili.com/video/av494404,2013-03-05,06:47:10,22:06,16489,823,29,60,7
556,493403,黑桐谷歌【休闲实况】2013-03-04,http://www.bilibili.com/video/av493403,2013-03-04,04:20:33,68:16,18913,1174,39,21,3
557,492951,【超级多玩星期天】第01期-那些年坑过我们的熊孩子,http://www.bilibili.com/video/av492951,2013-03-03,11:32:18,20:48,23777,1329,56,33,1
558,491233,黑桐谷歌【休闲实况】2013-03-02,http://www.bilibili.com/video/av491233,2013-03-02,01:37:29,57:35,17217,1120,41,27,6
559,490039,黑桐谷歌【休闲实况】2013-03-01,http://www.bilibili.com/video/av490039,2013-02-28,23:07:23,58:54,21270,1558,48,20,8
560,489675,帮推：新鬼泣-全核心技巧MV,http://www.bilibili.com/video/av489675,2013-02-28,08:29:31,05:01,18011,210,41,112,8
561,488419,黑桐谷歌【新鬼泣 娱乐攻略】10 坏消息,http://www.bilibili.com/video/av488419,2013-02-27,01:40:01,12:12,69849,3085,155,60,57
562,487288,黑桐谷歌【休闲实况】2013-02-26 海岛大亨,http://www.bilibili.com/video/av487288,2013-02-25,21:47:48,49:50,21234,1709,99,35,5
563,486724,黑桐谷歌【休闲实况】2013-02-26,http://www.bilibili.com/video/av486724,2013-02-25,05:21:57,41:29,13091,665,87,10,5
564,486220,黑桐谷歌【休闲实况】2013-02-25,http://www.bilibili.com/video/av486220,2013-02-24,18:08:33,37:16,20381,1406,113,16,3
565,484864,相爱相杀 第一次SSS SSS SSS SSS留念,http://www.bilibili.com/video/av484864,2013-02-23,13:49:30,03:56,36649,587,43,65,10
566,484682,我愿追你到世界尽头,http://www.bilibili.com/video/av484682,2013-02-23,10:18:21,00:58,16628,179,21,13,1
567,483703,黑桐谷歌【新鬼泣 娱乐攻略】09 恶魔潜能,http://www.bilibili.com/video/av483703,2013-02-22,21:30:12,14:02,52787,1775,72,52,19
568,483012,蛋铁VS喂鸡尔 相爱相杀 论BGM的重要性,http://www.bilibili.com/video/av483012,2013-02-22,05:29:24,06:24,30896,744,93,61,20
569,481323,黑桐谷歌【休闲实况】2013-02-21,http://www.bilibili.com/video/av481323,2013-02-21,00:43:25,48:40,22108,1304,85,16,6
570,479431,黑桐谷歌【假期实况】2013-02-19,http://www.bilibili.com/video/av479431,2013-02-19,08:53:42,66:49,27458,2042,130,25,5
571,478279,黑桐谷歌 补档合集【死亡空间】,http://www.bilibili.com/video/av478279,2013-02-18,10:17:43,42:21,99797,1024,115,1348,192
572,478194,黑桐谷歌【新鬼泣 娱乐攻略】08 眼拙脑残,http://www.bilibili.com/video/av478194,2013-02-18,08:56:26,12:55,59087,1580,116,47,33
573,476750,黑桐谷歌【假期实况】2013-02-17,http://www.bilibili.com/video/av476750,2013-02-17,09:03:30,90:16,24886,2218,70,19,5
574,474704,黑桐谷歌【假期实况】2013-02-16,http://www.bilibili.com/video/av474704,2013-02-16,02:42:36,40:03,52530,3082,114,37,7
575,473420,黑桐谷歌【假期实况】2013-02-15,http://www.bilibili.com/video/av473420,2013-02-15,03:51:53,62:38,33608,2690,75,23,8
576,471639,黑桐谷歌·合集【生化危机6艾达篇】,http://www.bilibili.com/video/av471639,2013-02-13,13:52:20,00:00,258779,0,165,4927,827
577,471638,黑桐谷歌·合集【生化危机6杰克篇】,http://www.bilibili.com/video/av471638,2013-02-13,13:49:39,80:10,161815,3754,84,3595,448
578,471635,黑桐谷歌·合集 【生化危机6克里斯篇】,http://www.bilibili.com/video/av471635,2013-02-13,13:46:10,175:23,182522,6958,159,3777,486
579,471633,黑桐谷歌·合集 【生化危机6里昂篇】,http://www.bilibili.com/video/av471633,2013-02-13,13:39:41,184:20,398977,12293,365,5714,1390
580,471500,黑桐谷歌【新鬼泣 娱乐攻略】07,http://www.bilibili.com/video/av471500,2013-02-13,11:13:55,17:26,68322,2953,73,64,44
581,468709,黑桐谷歌【假期实况】2013-02-11,http://www.bilibili.com/video/av468709,2013-02-10,21:36:33,51:08,57728,3328,115,40,16
582,466449,黑桐谷歌【海岛大亨4 休闲实况】04,http://www.bilibili.com/video/av466449,2013-02-08,09:43:36,105:52,38413,4086,123,44,30
583,465133,黑桐谷歌【海岛大亨4 休闲实况】03,http://www.bilibili.com/video/av465133,2013-02-07,08:56:31,69:27,43711,2704,170,46,39
584,464572,黑桐谷歌【新鬼泣】第21挑战关,http://www.bilibili.com/video/av464572,2013-02-07,01:28:26,02:03,30139,344,54,20,4
585,463683,黑桐谷歌【海岛大亨4 休闲实况】02,http://www.bilibili.com/video/av463683,2013-02-06,06:37:08,58:14,42763,4213,126,41,37
586,462983,黑桐谷歌【新鬼泣 娱乐攻略】06 神秘成分,http://www.bilibili.com/video/av462983,2013-02-05,14:02:04,11:49,78984,3105,93,58,26
587,462491,黑桐谷歌【海岛大亨4 休闲实况】01,http://www.bilibili.com/video/av462491,2013-02-05,05:15:28,44:20,71983,4299,194,89,47
588,461601,黑桐谷歌【新鬼泣 挑战与收集】01-05,http://www.bilibili.com/video/av461601,2013-02-04,09:37:11,31:50,34917,1861,78,118,33
589,458000,黑桐谷歌【新鬼泣·娱乐攻略】05 男根力,http://www.bilibili.com/video/av458000,2013-02-01,05:21:15,19:42,95885,3636,105,82,51
590,455889,黑桐谷歌【新鬼泣·娱乐攻略】04 引人注目,http://www.bilibili.com/video/av455889,2013-01-30,06:47:21,16:11,59381,1906,110,57,41
591,453794,黑桐谷歌【新鬼泣·娱乐攻略】03 血缘,http://www.bilibili.com/video/av453794,2013-01-28,05:34:18,14:10,60409,1935,101,67,29
592,451420,黑桐谷歌【新鬼泣·娱乐攻略】02 身世之谜,http://www.bilibili.com/video/av451420,2013-01-25,22:53:00,33:57,122743,6501,231,125,47
593,449134,Saber酱教你七擒土豪,http://www.bilibili.com/video/av449134,2013-01-23,10:44:13,57:01,60887,1552,27,144,16
594,447407,黑桐谷歌【新鬼泣·娱乐攻略】01 找到你了,http://www.bilibili.com/video/av447407,2013-01-21,15:13:20,24:50,144104,7059,286,248,98
595,446720,新鬼泣-GT评测,http://www.bilibili.com/video/av446720,2013-01-21,00:25:21,08:18,8078,178,22,4,0
596,446184,黑桐谷歌【新鬼泣】SOS第二关 继续被虐,http://www.bilibili.com/video/av446184,2013-01-20,07:57:20,38:04,17811,1796,25,6,4
597,444497,黑桐谷歌【新鬼泣】新敌人做的不错 目测会有多种玩坏方法,http://www.bilibili.com/video/av444497,2013-01-18,13:49:52,03:11,25937,334,161,16,2
598,443554,黑桐谷歌【新鬼泣】练习模式,http://www.bilibili.com/video/av443554,2013-01-17,13:52:00,04:51,14681,260,30,12,0
599,443381,黑桐谷歌【新鬼泣】第一关SOS难度 被虐的一B BOSS又BUG了,http://www.bilibili.com/video/av443381,2013-01-17,08:30:17,22:03,26702,1243,36,22,2
600,441451,打V哥遇到BUG了 笑死我了,http://www.bilibili.com/video/av441451,2013-01-15,03:42:30,01:14,53524,285,28,25,4
601,440964,黑桐谷歌【新鬼泣】先睹为快 水平太菜 开不开坑以后再说,http://www.bilibili.com/video/av440964,2013-01-14,09:33:06,10:13,26374,1061,124,20,7
602,433370,黑桐谷歌【新鬼泣】最新预告片,http://www.bilibili.com/video/av433370,2013-01-05,07:35:30,01:47,13019,165,30,34,6
603,433182,黑桐谷歌【刺客信条3】11,http://www.bilibili.com/video/av433182,2013-01-05,04:38:38,54:38,36082,1730,50,333,26
604,432635,黑桐谷歌【刺客信条3】09-10,http://www.bilibili.com/video/av432635,2013-01-04,08:36:37,68:07,51067,4556,72,406,49
605,431015,黑桐谷歌 练习【恶魔城 黑暗领主】这关很适合练习和刷经验,http://www.bilibili.com/video/av431015,2013-01-02,12:12:57,09:43,14301,363,27,7,2
606,428031,黑桐谷歌【恶魔城 黑暗领主2】 中文字幕预告片,http://www.bilibili.com/video/av428031,2012-12-30,15:03:02,04:57,20077,310,83,75,16
607,425883,随意实况2012-12-27,http://www.bilibili.com/video/av425883,2012-12-28,09:12:21,58:50,11042,1392,29,7,5
608,425596,黑桐谷歌 补档【使命召唤 黑色行动】,http://www.bilibili.com/video/av425596,2012-12-28,04:26:18,16:18,84005,3761,82,693,69
609,424755,随意实况2012-12-26,http://www.bilibili.com/video/av424755,2012-12-26,23:14:16,64:49,8992,1010,17,10,6
610,424283,随意实况 2012-12-26,http://www.bilibili.com/video/av424283,2012-12-26,02:42:05,79:37,12407,1102,25,12,2
611,423620,随意实况2012-12-25,http://www.bilibili.com/video/av423620,2012-12-25,01:57:02,61:29,11710,1497,38,5,10
612,421565,真·夫妻联合·实况 极品飞车16亡命天涯,http://www.bilibili.com/video/av421565,2012-12-22,11:46:08,47:47,54383,4295,176,289,92
613,418829,黑桐谷歌·合集 更新07【刺客信条3】视频攻略解说,http://www.bilibili.com/video/av418829,2012-12-19,02:42:19,151:11,230968,6690,333,3198,443
614,415641,黑桐谷歌【刺客信条3】06,http://www.bilibili.com/video/av415641,2012-12-14,22:59:07,56:23,47191,3875,92,159,45
615,415279,黑桐谷歌【刺客信条3】05,http://www.bilibili.com/video/av415279,2012-12-14,09:18:01,65:12,42691,4506,105,161,30
616,414637,黑桐谷歌【刺客信条3】04,http://www.bilibili.com/video/av414637,2012-12-13,10:16:50,53:00,49375,4233,88,166,40
617,412897,黑桐谷歌实况【生化危机6】海乳 02,http://www.bilibili.com/video/av412897,2012-12-10,21:41:24,61:31,26472,2613,41,51,11
618,411498,黑桐谷歌实况【刺客信条3】02,http://www.bilibili.com/video/av411498,2012-12-08,21:45:35,30:53,21192,1051,50,78,10
619,411154,黑桐谷歌实况【刺客信条3】01 存档重打,http://www.bilibili.com/video/av411154,2012-12-08,08:54:00,30:46,26106,1582,84,154,33
620,410647,黑桐谷歌NG【刺客信条3】台上一分钟 台下十年功,http://www.bilibili.com/video/av410647,2012-12-07,22:48:42,62:13,24134,1374,92,82,25
621,408585,黑桐谷歌【刺客信条3】03,http://www.bilibili.com/video/av408585,2012-12-05,01:15:57,68:03,62700,6915,138,176,77
622,404449,黑桐谷歌【刺客信条3】02,http://www.bilibili.com/video/av404449,2012-11-29,05:26:03,67:05,86796,7922,202,208,67
623,403906,黑桐谷歌【刺客信条3】01,http://www.bilibili.com/video/av403906,2012-11-28,07:27:45,58:46,121930,9414,212,562,150
624,401489, 新鬼泣 试玩解说,http://www.bilibili.com/video/av401489,2012-11-24,21:21:07,43:03,33614,2779,164,38,7
625,399252,鬼泣5 试玩体验（我知道不叫鬼泣5）,http://www.bilibili.com/video/av399252,2012-11-21,23:24:55,20:07,97332,3120,307,96,8
626,397439,测试视频……近况报告……卖萌字幕,http://www.bilibili.com/video/av397439,2012-11-19,03:03:34,04:46,19573,647,58,11,4
627,393810,黑桐谷歌【生化危机6】A-5中文字幕视频攻略解,http://www.bilibili.com/video/av393810,2012-11-13,21:24:01,47:48,96338,9343,186,169,225
628,391269,黑桐谷歌【生化危机6】A-4中文字幕视频攻略解,http://www.bilibili.com/video/av391269,2012-11-09,20:14:27,27:41,71593,5927,143,104,54
629,390724,黑桐谷歌【生化危机6】A-3中文字幕视频攻略解说,http://www.bilibili.com/video/av390724,2012-11-08,22:07:30,25:35,59559,5054,117,103,40
630,390284,黑桐谷歌【生化危机6】A-2中文字幕视频攻略解说,http://www.bilibili.com/video/av390284,2012-11-07,23:02:40,38:48,73839,6633,119,123,57
631,389737,黑桐谷歌【生化危机6】A-1中文字幕视频攻略解说,http://www.bilibili.com/video/av389737,2012-11-06,22:37:59,34:53,97475,7753,184,199,100
632,388935,黑桐谷歌【生化危机6】J-5中文字幕视频攻略解说,http://www.bilibili.com/video/av388935,2012-11-05,06:51:12,42:10,77871,9206,274,112,168
633,387164,黑桐谷歌【生化危机6】C-5中文字幕视频攻略解说,http://www.bilibili.com/video/av387164,2012-11-02,22:05:41,47:32,92444,10062,318,153,363
634,386250,黑桐谷歌【生化危机6】L-5中文字幕视频攻略解说,http://www.bilibili.com/video/av386250,2012-11-01,07:43:37,52:22,88816,11644,149,131,138
635,385856,黑桐谷歌 刺客信条3 初体验,http://www.bilibili.com/video/av385856,2012-10-31,11:17:22,56:41,34060,3776,65,53,7
636,385250,黑桐谷歌【生化危机6】J-4中文字幕视频攻略解说,http://www.bilibili.com/video/av385250,2012-10-30,08:54:12,48:28,105761,7756,132,113,63
637,382378,黑桐谷歌【生化危机6】C-4-2中文字幕视频攻略解说,http://www.bilibili.com/video/av382378,2012-10-25,21:19:38,20:58,52851,3430,145,61,36
638,382070,黑桐谷歌【生化危机6】C-4-1中文字幕视频攻略解说,http://www.bilibili.com/video/av382070,2012-10-25,04:40:46,27:34,56363,4211,134,62,37
639,381624,黑桐谷歌【生化危机6】L-4-2中文字幕视频攻略解说,http://www.bilibili.com/video/av381624,2012-10-24,06:34:27,30:27,68010,6346,149,81,26
640,380993,黑桐谷歌【生化危机6】L-4-1中文字幕视频攻略解说,http://www.bilibili.com/video/av380993,2012-10-23,03:55:21,29:54,70119,5801,117,83,41
641,379307,黑桐谷歌&hyun310 实况联机直播 C-3 直播2012.10.19,http://www.bilibili.com/video/av379307,2012-10-20,11:45:32,66:17,41020,3045,64,58,24
642,379059,黑桐谷歌【生化危机6】J-3中文字幕视频攻略解说,http://www.bilibili.com/video/av379059,2012-10-20,07:01:25,36:34,68397,6610,189,93,56
643,378664,黑桐谷歌【生化危机6】C-3-2中文字幕视频攻略解,http://www.bilibili.com/video/av378664,2012-10-19,23:17:41,37:42,46237,3726,87,61,30
644,378047,黑桐谷歌【生化危机6】C-3-1中文字幕视频攻略解,http://www.bilibili.com/video/av378047,2012-10-18,22:44:49,40:15,48433,5098,87,69,53
645,376522,黑桐谷歌【生化危机6】L-3中文字幕视频攻略解说,http://www.bilibili.com/video/av376522,2012-10-16,01:23:06,40:44,98250,4833,221,99,87
646,373646,黑桐谷歌【生化危机6】C-2-2中文字幕视频攻略解说,http://www.bilibili.com/video/av373646,2012-10-12,22:43:21,79:34,54413,3466,129,62,27
647,373354,黑桐谷歌【生化危机6】C-2-1已修复 中文字幕视频攻略解说,http://www.bilibili.com/video/av373354,2012-10-12,01:55:12,41:35,46141,2483,66,69,18
648,370072,黑桐谷歌【生化危机6】L-2-2中文字幕视频攻略解说,http://www.bilibili.com/video/av370072,2012-10-11,11:03:10,34:56,77855,5644,213,99,50
649,369517,黑桐谷歌【生化危机6】L-2-1中文字幕视频攻略解说,http://www.bilibili.com/video/av369517,2012-10-06,13:29:17,36:08,70876,4613,141,80,34
650,368628,黑桐谷歌【生化危机6】J-1中文字幕视频攻略解说,http://www.bilibili.com/video/av368628,2012-10-05,23:07:53,28:56,63278,5552,146,100,36
651,367997,黑桐谷歌【生化危机6】C-1中文字幕视频攻略解说,http://www.bilibili.com/video/av367997,2012-10-04,12:22:22,44:35,75333,5600,90,105,35
652,365434,黑桐谷歌【生化危机6】L-1-3中文字幕视频攻略解说,http://www.bilibili.com/video/av365434,2012-10-03,14:09:46,42:32,84252,3807,127,102,36
653,364797,黑桐谷歌【生化危机6】L-1-2中文字幕视频攻略解说,http://www.bilibili.com/video/av364797,2012-09-29,21:51:10,26:30,70777,3664,93,111,40
654,364097,黑桐谷歌【生化危机6】L-1-1中文字幕视频攻略解说,http://www.bilibili.com/video/av364097,2012-09-28,22:35:26,27:51,98153,5412,259,233,89
655,361481,黑桐谷歌【生化危机6试玩版】实况,http://www.bilibili.com/video/av361481,2012-09-27,11:44:57,31:55,28711,2435,70,43,18
656,358146,完结 黑桐谷歌【幽灵行动4未来战士】山河破碎,http://www.bilibili.com/video/av358146,2012-09-22,09:51:58,41:33,30093,2088,67,51,116
657,346945,黑桐谷歌 合集【幽灵行动4未来战士】,http://www.bilibili.com/video/av346945,2012-08-28,21:31:03,67:24,207518,2888,320,2185,820
658,337360,黑桐谷歌【幽灵行动4未来战士】10 侠盗义贼,http://www.bilibili.com/video/av337360,2012-08-16,22:40:10,18:46,20453,1748,104,23,7
659,335274,黑桐谷歌【幽灵行动4未来战士】09 勇者之锤,http://www.bilibili.com/video/av335274,2012-08-14,11:50:43,42:57,20450,3155,107,29,14
660,331201,黑桐谷歌【幽灵行动4未来战士】08 深渊之火,http://www.bilibili.com/video/av331201,2012-08-09,12:36:36,28:48,19939,2960,158,26,17
661,328133,黑桐谷歌【幽灵行动4未来战士】07 收拾残局,http://www.bilibili.com/video/av328133,2012-08-05,21:45:00,35:31,26032,4682,100,35,23
662,327053,黑桐谷歌【幽灵行动4未来战士】06 萤火虫雨,http://www.bilibili.com/video/av327053,2012-08-04,09:58:13,25:08,19320,1419,84,23,11
663,326239,黑桐谷歌【幽灵行动4未来战士】05 暗影伏击,http://www.bilibili.com/video/av326239,2012-08-03,09:43:31,32:55,20616,2430,107,24,13
664,321562,黑桐谷歌【幽灵行动4未来战士】04 沙漠之虎,http://www.bilibili.com/video/av321562,2012-07-28,21:04:49,22:06,32812,2170,91,34,58
665,320710,黑桐谷歌【幽灵行动4未来战士】03 君子风暴,http://www.bilibili.com/video/av320710,2012-07-27,22:07:16,28:10,25297,2487,75,21,24
666,319791,黑桐谷歌【幽灵行动4未来战士】02 弹无虚发,http://www.bilibili.com/video/av319791,2012-07-26,22:40:07,33:07,34183,2402,72,38,18
667,318149,黑桐谷歌【幽灵行动4未来战士】01 机智的守卫,http://www.bilibili.com/video/av318149,2012-07-25,06:40:42,23:08,47218,2614,118,120,46
668,312435,合集 黑桐谷歌【虐杀原形2】,http://www.bilibili.com/video/av312435,2012-07-18,12:28:37,30:51,229535,3822,261,4138,605
669,312312,10 黑桐谷歌【虐杀原形2】完结篇,http://www.bilibili.com/video/av312312,2012-07-18,09:26:04,43:58,77193,7330,184,166,176
670,309529,09黑桐谷歌【虐杀原形2】卖萌支线篇,http://www.bilibili.com/video/av309529,2012-07-15,03:10:59,07:24,23821,1421,69,59,19
671,300570,08黑桐谷歌【虐杀原形2】主线攻略篇,http://www.bilibili.com/video/av300570,2012-07-03,10:31:11,30:51,26070,2379,90,60,27
672,292664,07黑桐谷歌【虐杀原形2】主线攻略篇,http://www.bilibili.com/video/av292664,2012-06-22,23:21:55,34:15,27662,2606,48,76,17
673,286641,06黑桐谷歌【虐杀原形2】主线攻略篇,http://www.bilibili.com/video/av286641,2012-06-15,09:48:38,34:35,32512,2573,81,69,19
674,283124,05 黑桐谷歌【虐杀原形2】支线收集篇,http://www.bilibili.com/video/av283124,2012-06-09,14:53:55,36:43,11421,1503,66,33,14
675,278145,05 黑桐谷歌【虐杀原形2】,http://www.bilibili.com/video/av278145,2012-06-01,23:03:00,30:15,40323,3009,65,78,31
676,277209,谷歌播报：多玩 2012E3前瞻报道,http://www.bilibili.com/video/av277209,2012-05-31,09:22:48,06:20,5071,128,12,5,0
677,275265,04黑桐谷歌 收集篇【虐杀原形2】,http://www.bilibili.com/video/av275265,2012-05-27,22:06:13,49:17,16574,2089,36,42,21
678,272437,04黑桐谷歌 主线攻略篇【虐杀原形2】,http://www.bilibili.com/video/av272437,2012-05-23,11:16:44,35:26,36644,3361,67,71,43
679,268097,游戏有没有 108~112一周合集,http://www.bilibili.com/video/av268097,2012-05-16,05:56:15,61:00,8124,326,8,13,2
680,266001,03 黑桐谷歌 主线攻略篇【虐杀原形2】,http://www.bilibili.com/video/av266001,2012-05-12,21:53:18,28:22,38957,2212,72,82,28
681,263569,02 黑桐谷歌 支线收集篇【虐杀原形2】,http://www.bilibili.com/video/av263569,2012-05-09,11:05:38,30:26,16301,1201,45,42,18
682,258338,02 黑桐谷歌【虐杀原形2】,http://www.bilibili.com/video/av258338,2012-05-01,09:13:20,30:01,64134,3079,72,107,42
683,256089,01 黑桐谷歌 支线收集篇【虐杀原形2】,http://www.bilibili.com/video/av256089,2012-04-28,06:17:19,30:06,24958,1086,46,57,16
684,254828,01 黑桐谷歌【虐杀原形2】,http://www.bilibili.com/video/av254828,2012-04-25,21:56:15,30:58,102250,6281,213,370,72
685,251923,12 完结 黑桐谷歌新坑【战神3】,http://www.bilibili.com/video/av251923,2012-04-20,22:25:53,49:14,56063,7164,116,80,97
686,250481,孤岛危机3公布【多玩】游戏有没有！vol.97 04-18,http://www.bilibili.com/video/av250481,2012-04-18,06:11:10,11:59,4867,183,3,3,1
687,250142,战神4开发确认【多玩】游戏有没有！vol.96 04-17,http://www.bilibili.com/video/av250142,2012-04-17,10:43:47,14:43,6239,188,10,5,1
688,250067,11 黑桐谷歌新坑【战神3】,http://www.bilibili.com/video/av250067,2012-04-17,08:41:32,33:50,32540,1934,65,42,15
689,249400,黑桐谷歌出品【多玩】游戏有没有！vol.95 04-16,http://www.bilibili.com/video/av249400,2012-04-16,06:03:56,12:11,3573,73,6,3,1
690,248940,黑桐谷歌出品【游戏有没有！周末版】一周囧报 03,http://www.bilibili.com/video/av248940,2012-04-15,09:33:53,09:36,4846,147,12,6,1
691,247814,10 黑桐谷歌新坑【战神3】,http://www.bilibili.com/video/av247814,2012-04-14,01:04:46,34:40,36267,2110,55,45,17
692,247802,黑桐谷歌【战神3 幕后花絮】,http://www.bilibili.com/video/av247802,2012-04-14,00:49:35,40:13,16317,185,20,123,5
693,247280,黑桐谷歌出品【多玩】游戏有没有！vol.94 04-13,http://www.bilibili.com/video/av247280,2012-04-13,06:16:58,10:20,3574,166,17,5,0
694,246576,黑桐谷歌出品【多玩】游戏有没有！vol.93,http://www.bilibili.com/video/av246576,2012-04-12,04:21:49,10:57,2207,30,6,2,1
695,246041,黑桐谷歌出品【多玩】游戏有没有！vol.92,http://www.bilibili.com/video/av246041,2012-04-11,05:50:35,12:50,6119,341,40,4,4
696,244779,09 黑桐谷歌新坑【战神3】伪,http://www.bilibili.com/video/av244779,2012-04-08,15:45:44,12:07,30714,940,180,46,78
697,237062,05 06 黑桐谷歌新坑【战神3】,http://www.bilibili.com/video/av237062,2012-03-26,06:15:29,64:55,50435,3853,47,47,32
698,234775,04 黑桐谷歌新坑【战神3】,http://www.bilibili.com/video/av234775,2012-03-22,09:06:46,32:14,39353,3010,50,46,16
699,232990,03黑桐谷歌新坑【战神3】,http://www.bilibili.com/video/av232990,2012-03-18,16:54:57,00:16,52688,905,67,73,20
700,229612,特辑 下 黑桐谷歌【心灵杀手】作家,http://www.bilibili.com/video/av229612,2012-03-12,12:00:46,61:00,9200,1292,28,46,14
701,226707,特辑 上 黑桐谷歌【心灵杀手】信号,http://www.bilibili.com/video/av226707,2012-03-06,12:04:34,52:53,12734,522,30,54,10
702,225992,完结 黑桐谷歌出品【刺客信条 启示录】一个时代的终结,http://www.bilibili.com/video/av225992,2012-03-04,23:12:01,58:03,38514,3195,59,268,58
703,223977,07黑桐谷歌出品【刺客信条 启示录】地下世界,http://www.bilibili.com/video/av223977,2012-03-01,07:29:00,30:49,17037,1120,24,66,17
704,220762,08黑桐谷歌出品【黑色洛城 赏析解说】金蝶舞翩跹,http://www.bilibili.com/video/av220762,2012-02-23,11:50:12,45:19,10018,482,37,49,8
705,216497,07黑桐谷歌出品【黑色洛城 赏析解说】夺命红唇,http://www.bilibili.com/video/av216497,2012-02-14,23:57:00,53:53,11423,682,14,44,11
706,214629,06黑桐谷歌出品【黑色洛城 赏析解说】堕落梦中人,http://www.bilibili.com/video/av214629,2012-02-11,08:38:19,65:07,10971,1164,25,54,13
707,201674,05黑桐谷歌出品【黑色洛城 赏析解说】温软缠绵,http://www.bilibili.com/video/av201674,2012-01-18,08:26:09,36:10,11464,646,20,56,9
708,200258,04黑桐谷歌出品【黑色洛城 赏析解说】阴阳两界的姻缘,http://www.bilibili.com/video/av200258,2012-01-15,21:24:11,27:32,11099,592,14,46,11
709,198910,03黑桐谷歌出品【黑色洛城 赏析解说】领事馆汽车失窃案,http://www.bilibili.com/video/av198910,2012-01-13,04:33:46,32:51,15835,643,22,55,14
710,198582,02黑桐谷歌出品【黑色洛城 赏析解说】驾驶位,http://www.bilibili.com/video/av198582,2012-01-12,11:44:11,31:56,23460,733,37,80,18
711,198224,【黑桐谷歌】超速鬼畜割草机,http://www.bilibili.com/video/av198224,2012-01-12,02:41:11,05:00,119691,628,46,111,5
712,198058,01黑桐谷歌出品【黑色洛城 赏析解说】初出茅庐,http://www.bilibili.com/video/av198058,2012-01-11,14:27:19,44:51,31556,1159,55,252,31
713,196528,06黑桐谷歌出品【刺客信条 启示录】淡泊名利,http://www.bilibili.com/video/av196528,2012-01-08,12:08:36,60:28,22145,2456,38,88,15
714,195407,05黑桐谷歌出品【刺客信条 启示录】帝国的继承人,http://www.bilibili.com/video/av195407,2012-01-06,00:39:43,57:09,23031,2211,18,93,19
715,188758,04黑桐谷歌出品【刺客信条 启示录】野蛮战争,http://www.bilibili.com/video/av188758,2011-12-20,14:44:24,49:48,22880,2408,24,83,14
716,186483,03黑桐谷歌出品【刺客信条 启示录】失而复得,http://www.bilibili.com/video/av186483,2011-12-14,23:05:14,60:04,34358,2642,24,98,12
717,184787,02黑桐谷歌出品【刺客信条 启示录】世界的十字路口,http://www.bilibili.com/video/av184787,2011-12-10,11:05:47,43:51,34067,2547,43,102,22
718,184511,01 黑桐谷歌出品【刺客信条 启示录】序章,http://www.bilibili.com/video/av184511,2011-12-10,01:08:56,42:04,59863,4216,46,305,28
719,179689,3-2黑桐谷歌出品【现代战争3】焦土作战,http://www.bilibili.com/video/av179689,2011-11-28,10:04:13,17:45,9840,565,14,26,4
720,179158,谷歌的光盘躺着也中枪,http://www.bilibili.com/video/av179158,2011-11-27,06:52:30,04:14,22149,197,37,33,9
721,178558,3-1黑桐谷歌出品【现代战争3】要塞,http://www.bilibili.com/video/av178558,2011-11-26,08:04:34,18:49,7900,462,16,22,5
722,177577,2-6黑桐谷歌出品【现代战争3】好兄弟,http://www.bilibili.com/video/av177577,2011-11-24,10:49:20,16:28,9399,693,22,28,3
723,177398,2-5黑桐谷歌出品【现代战争3】风暴之眼,http://www.bilibili.com/video/av177398,2011-11-24,05:05:28,15:16,6690,416,12,25,5
724,176925,2-4黑桐谷歌出品【现代战争3】铁娘子,http://www.bilibili.com/video/av176925,2011-11-23,02:37:54,16:29,9090,586,13,25,5
725,176493,2-3黑桐谷歌出品【现代战争3】打包带走,http://www.bilibili.com/video/av176493,2011-11-22,03:22:49,15:48,8279,470,26,24,4
726,176239,2-2黑桐谷歌出品【现代战争3】退还邮件,http://www.bilibili.com/video/av176239,2011-11-21,13:56:16,15:25,8274,430,16,28,4
727,174784,合集 黑桐谷歌【丧尸围城2 绝密档案 中文字幕】,http://www.bilibili.com/video/av174784,2011-11-19,09:37:46,446:50,181472,17187,159,2463,270
728,174273,⑨ 黑桐谷歌出品【丧尸围城2 绝密档案 中文字幕】Frank的战斗力,http://www.bilibili.com/video/av174273,2011-11-18,21:45:01,63:05,23893,4216,49,61,61
729,172243,2-1黑桐谷歌出品【现代战争3】门栓,http://www.bilibili.com/video/av172243,2011-11-14,08:10:29,20:14,10168,828,22,27,6
730,171334,1-6黑桐谷歌出品【现代战争3】小心楼梯跨度,http://www.bilibili.com/video/av171334,2011-11-12,09:12:09,18:13,9781,778,29,26,6
731,170819,1-5黑桐谷歌出品【现代战争3】现身,http://www.bilibili.com/video/av170819,2011-11-11,08:01:23,21:04,11630,938,20,38,0
732,170263,08 黑桐谷歌出品【丧尸围城2 绝密档案 中文字幕】人生的赢家,http://www.bilibili.com/video/av170263,2011-11-10,03:55:16,53:58,14908,2126,41,55,6
733,170217,黑桐谷歌-MW3--老兵难度-任务模式-MILEHIGH JACK,http://www.bilibili.com/video/av170217,2011-11-10,02:26:50,02:21,6023,58,12,12,0
734,169687,1-4黑桐谷歌出品【现代战争3】骚乱,http://www.bilibili.com/video/av169687,2011-11-08,22:08:09,12:55,10916,740,28,33,2
735,169259,合集完结【谷歌手柄合体发布】神秘海3 德雷克的谎言 域中文流程解说,http://www.bilibili.com/video/av169259,2011-11-07,22:32:56,178:29,36829,3035,44,360,21
736,168746,1-3黑桐谷歌出品【现代战争3】来者不善,http://www.bilibili.com/video/av168746,2011-11-06,22:28:47,15:48,11916,739,34,29,5
737,168363,1-2黑桐谷歌出品【现代战争3】猎人杀手,http://www.bilibili.com/video/av168363,2011-11-06,03:07:07,13:26,14596,750,30,37,3
738,167561,07 黑桐谷歌出品【丧尸围城2 绝密档案 中文字幕】赌神战神,http://www.bilibili.com/video/av167561,2011-11-05,00:54:20,52:29,16213,2410,37,46,10
739,166845,01黑桐谷歌出品【现代战争3】黑色星期二,http://www.bilibili.com/video/av166845,2011-11-03,14:45:54,21:51,27429,1989,60,82,10
740,165846,06 黑桐谷歌出品【丧尸围城2 绝密档案 中文字幕】救人好麻烦,http://www.bilibili.com/video/av165846,2011-11-01,12:12:40,45:55,14334,2095,41,49,11
741,163322,05 黑桐谷歌出品【丧尸围城2 绝密档案 中文字幕】坏人只是比丧尸多一些PP而已,http://www.bilibili.com/video/av163322,2011-10-27,08:54:06,36:13,18294,2044,39,49,13
742,160585,04 黑桐谷歌出品【丧尸围城2 绝密档案 中文字幕】这里的钥匙一箩筐,http://www.bilibili.com/video/av160585,2011-10-21,13:53:58,49:08,16136,2544,45,47,12
743,158771,03 黑桐谷歌出品【丧尸围城2 绝密档案 中文字幕】 我们的茶几不可能这么凶残,http://www.bilibili.com/video/av158771,2011-10-17,15:50:33,45:43,21918,2505,41,56,22
744,157655,02 黑桐谷歌出品【丧尸围城2 绝密档案 中文字幕】Frank拿手的交易,http://www.bilibili.com/video/av157655,2011-10-15,13:23:04,46:21,25617,2613,52,55,28
745,156234,黑桐谷歌出品【丧尸围城2 绝密档案 中文字幕】一周目全救人S结局视频攻略解说,http://www.bilibili.com/video/av156234,2011-10-13,06:44:51,53:58,48663,5122,102,173,48
746,150473,黑桐谷歌 04 深入【杀出重围3】,http://www.bilibili.com/video/av150473,2011-09-29,10:57:29,50:35,15278,695,42,28,29
747,149394,黑桐谷歌【杀出重围3】03 白道没有黑道白 黑道没有白道黑,http://www.bilibili.com/video/av149394,2011-09-26,11:10:15,44:33,9687,605,29,24,25
748,149151,黑桐谷歌 碧之轨迹 前瞻,http://www.bilibili.com/video/av149151,2011-09-25,22:44:23,10:05,16994,664,40,49,21
749,148248,黑桐谷歌【杀出重围3】02 贫民窟的秘密,http://www.bilibili.com/video/av148248,2011-09-23,23:26:41,35:42,9761,416,33,32,16
750,146545,黑桐谷歌【杀出重围3人类革命】01 灰色时代的英雄,http://www.bilibili.com/video/av146545,2011-09-19,10:27:57,67:43,29128,1798,55,177,30
751,143650,【黑桐谷歌】死亡岛的正确玩法 01,http://www.bilibili.com/video/av143650,2011-09-12,10:09:04,53:48,85781,2484,98,78,31
752,133090,黑桐谷歌【暗影诅咒】03 中文字幕娱乐流程攻略解说,http://www.bilibili.com/video/av133090,2011-08-20,15:26:59,38:14,39613,3234,116,40,59
753,130228,黑桐谷歌【暗影诅咒】中文字幕娱乐流程攻略解说 02,http://www.bilibili.com/video/av130228,2011-08-15,08:55:06,43:22,94762,6583,136,139,82
754,126215,【暗影诅咒】娱乐流程攻略解说 01,http://www.bilibili.com/video/av126215,2011-08-08,02:01:08,48:20,33060,4821,98,63,52
755,103995,黑桐谷歌 合集【合金装备 和平行者】 中文字幕视频攻略解说,http://www.bilibili.com/video/av103995,2011-06-15,10:25:29,63:37,111872,789,117,2442,157
756,97896,黑桐谷歌翻译 吐槽满点 日版和平行者广播剧,http://www.bilibili.com/video/av97896,2011-05-31,13:04:23,10:02,15143,740,59,99,20
757,96920,当奎爷打了鸡血2~3,http://www.bilibili.com/video/av96920,2011-05-28,09:57:10,08:44,8909,179,5,11,2
758,96411,【黑桐谷歌和平行者】【七】 第三章 亡国的复兴 1,http://www.bilibili.com/video/av96411,2011-05-26,23:05:53,26:25,4627,298,6,11,2
759,96043,无限喜感 当奎爷打了鸡血,http://www.bilibili.com/video/av96043,2011-05-25,12:35:32,09:41,16134,467,18,18,3
760,94904,【黑桐谷歌和平行者】06 第二章 英雄的幻影 3,http://www.bilibili.com/video/av94904,2011-05-21,10:16:09,29:09,4453,274,14,14,1
761,94254,【黑桐谷歌和平行者】05第二章 英雄的幻影 2,http://www.bilibili.com/video/av94254,2011-05-19,09:29:13,31:03,4937,552,13,13,3
762,93685,【黑桐谷歌和平行者】04第二章 英雄的幻影,http://www.bilibili.com/video/av93685,2011-05-17,11:21:54,33:38,5118,630,10,14,2
763,91511,【黑桐谷歌和平行者】03 第一章 没有军队的国家,http://www.bilibili.com/video/av91511,2011-05-10,21:48:37,28:19,12016,754,22,25,0
764,87050,黑桐谷歌-《和平行者》 中文剧情攻略解说,http://www.bilibili.com/video/av87050,2011-04-29,02:32:12,78:58,49558,3192,109,123,16
765,62315,分享最新最特别的小游戏 大家好我是谷歌-因果效应causality,http://www.bilibili.com/video/av62315,2011-02-16,10:16:53,06:01,14232,200,26,27,6
766,61992,黑桐谷歌 合集【死亡空间1】,http://www.bilibili.com/video/av61992,2011-02-15,12:13:59,25:31,61896,431,83,634,61
767,61373,【恶魔城 黑暗领主】顶发 一周目全收集中文剧情解说,http://www.bilibili.com/video/av61373,2011-02-14,00:37:57,512:51,30353,5814,33,235,22
768,60417,【死亡空间】十 中文字幕攻略解说,http://www.bilibili.com/video/av60417,2011-02-12,02:02:41,170:02,22531,3995,30,169,18
769,58829,【开坑预告】死亡空间2 视频攻略解说,http://www.bilibili.com/video/av58829,2011-02-08,20:45:53,05:08,6051,84,22,19,3
770,58763,Issac与通风管道不得不说的故事,http://www.bilibili.com/video/av58763,2011-02-08,12:47:59,01:10,5180,69,9,24,3
771,54910,生化危机4 ADA间谍TA解说,http://www.bilibili.com/video/av54910,2011-01-31,14:03:06,14:42,12602,367,16,32,9
772,54359,宇宙最凶残的工程师,http://www.bilibili.com/video/av54359,2011-01-29,23:30:10,12:14,15698,879,41,36,2
773,51674,【死亡空间】5 中文字幕攻略解说,http://www.bilibili.com/video/av51674,2011-01-21,03:48:30,138:51,49683,8857,104,228,19
774,51289,黑桐谷歌 死亡空间 开坑预告,http://www.bilibili.com/video/av51289,2011-01-19,11:05:49,02:08,6253,140,26,16,4
775,48504,黑桐谷歌 合集【寂静岭 起源】,http://www.bilibili.com/video/av48504,2011-01-08,11:23:42,159:24,211738,13898,205,2387,213
776,47657,寂静岭 起源 美剧风格 前情提要 开坑,http://www.bilibili.com/video/av47657,2011-01-05,03:11:15,00:28,9192,31,22,24,4
777,47044,谷歌制作【第三次生日MV】Salvation,http://www.bilibili.com/video/av47044,2011-01-02,12:35:25,02:31,10049,136,27,73,15
778,45389,黑桐谷歌 合集【心灵杀手】一周目噩梦全收集全剧情攻略解说,http://www.bilibili.com/video/av45389,2010-12-27,02:02:40,527:08,170991,13469,323,1709,155
779,44148,【恶魔城 黑暗领主】一周目全收集中文剧情解说 完结,http://www.bilibili.com/video/av44148,2010-12-22,01:20:57,512:51,108403,9799,92,771,72
780,42983,【怪物猎人P3】弓杀迅龙、雷狼 连续狩猎任务,http://www.bilibili.com/video/av42983,2010-12-15,10:44:37,19:01,23512,718,41,69,15
781,32649,恶魔城 黑暗领主 至2-2 P难度中文剧情视频攻略解说,http://www.bilibili.com/video/av32649,2010-10-23,02:49:38,07:16,933,391,24,44,6
782,32148,恶魔城 黑暗领主 谷歌流打法BOSS战,http://www.bilibili.com/video/av32148,2010-10-19,15:27:00,06:37,14454,192,26,21,4
783,28064,完结【丧尸围城2·娱乐流程攻略】恶搞字幕 OVER TIME,http://www.bilibili.com/video/av28064,2010-09-27,13:32:44,411:02,176748,38313,385,854,60
784,27784,【求火 心灵杀手 MV】The Poet and the Muse,http://www.bilibili.com/video/av27784,2010-09-25,13:39:10,05:19,35726,899,77,323,191
785,27712,【光环 致远星 干瘾流程解说】,http://www.bilibili.com/video/av27712,2010-09-25,06:00:16,28:49,63563,2618,109,714,56
786,27700,【丧尸围城·娱乐流程攻略】恶搞字幕 OVER TIME 全救人 全疯狂者,http://www.bilibili.com/video/av27700,2010-09-25,04:31:42,502:59,283605,30785,646,1637,238
