,title,ID,url,channel,datetime,length,viewCount,likeCount,dislikeCount,commentCount,oneDayEnd
0,–†–æ—Å—Å–∏–π—Å–∫–∏–µ –≤–æ–µ–Ω–Ω—ã–µ –ø–æ–∫–∞–∑–∞–ª–∏ –ø–æ—Å–ª–µ–¥—Å—Ç–≤–∏—è —É–¥–∞—Ä–æ–≤ –°–®–ê –ø–æ –±–∞–∑–µ –®–∞–π—Ä–∞—Ç: –∫–∞–¥—Ä—ã —Å –≤–æ–∑–¥—É—Ö–∞,oKtJjPypT7I,www.youtube.com/watch?v=oKtJjPypT7I,–¢–µ–ª–µ–∫–∞–Ω–∞–ª –ó–í–ï–ó–î–ê,2017-04-07 06:20:53,1:09,1600936,3199,2045,,1
1,[OFFICIAL VIDEO] Bohemian Rhapsody ‚Äì Pentatonix,ojRj2JK5oCI,www.youtube.com/watch?v=ojRj2JK5oCI,PTXofficial,2017-04-07 09:59:43,6:32,2699477,266249,5988,26150,1
2,Jimmy Kimmel's Tribute to Don Rickles,6Fpcf0HcCgU,www.youtube.com/watch?v=6Fpcf0HcCgU,Jimmy Kimmel Live,2017-04-07 00:30:53,12:37,981478,15278,484,2014,1
3,What To Know About The U.S. Missile Attack On Syria | TIME,L-ve3JMogm8,www.youtube.com/watch?v=L-ve3JMogm8,TIME,2017-04-07 10:53:59,1:13,464509,2724,901,3028,1
4,"The Alex Jones Show - Trump Strikes Syria, Will Russia Respond? - 04/07/2017",lIKu2tDcnb0,www.youtube.com/watch?v=lIKu2tDcnb0,The Alex Jones Channel,2017-04-07 16:31:44,4:13:20,312929,4977,4869,3140,1
5,Harry Styles - Sign of the Times (Audio),z0GKGpObgPY,www.youtube.com/watch?v=z0GKGpObgPY,HarryStylesVEVO,2017-04-07 03:00:03,5:42,6171750,660378,8614,101411,1
6,Syria's war: Who is fighting and why [Updated],JFpanWNgfQY,www.youtube.com/watch?v=JFpanWNgfQY,Vox,2017-04-07 10:21:58,6:46,697096,26296,1305,,1
7,Will It Egg Roll? Taste Test,F6xUm-lo28A,www.youtube.com/watch?v=F6xUm-lo28A,Good Mythical Morning,2017-04-07 06:00:00,11:54,1051686,42287,562,7796,1
8,Morgan Freeman Re-Enacts The Shawshank Redemption | The Graham Norton Show,IPXeiS1tzr4,www.youtube.com/watch?v=IPXeiS1tzr4,The Graham Norton Show,2017-04-07 13:36:12,3:17,468234,12284,109,879,1
9,Syrian survivor to Trump: Thank you,s3uaf1NFxXc,www.youtube.com/watch?v=s3uaf1NFxXc,CNN,2017-04-07 16:16:56,3:20,754929,14639,1519,5830,1
10,ADULTS REACT TO IT TRAILER,qXf0dOE5ZRo,www.youtube.com/watch?v=qXf0dOE5ZRo,FBE,2017-04-07 17:00:02,8:45,784154,36274,602,6422,1
11,New Rule: What Would a Dick Do? | Real Time with Bill Maher (HBO),P2QXMGYluzo,www.youtube.com/watch?v=P2QXMGYluzo,Real Time with Bill Maher,2017-04-08 02:06:02,5:24,913590,17140,3254,,1
12,WHERE THE HELL IS MARKIPLIER?!,r44OLqK9L28,www.youtube.com/watch?v=r44OLqK9L28,Markiplier,2017-04-07 19:01:20,1:05,1095941,75539,1201,11780,1
13,"Dear YouTube, You Need To Watch This.",6if2ZOY3gQY,www.youtube.com/watch?v=6if2ZOY3gQY,DOSEofFOUSEY,2017-04-08 08:00:01,16:00,938201,97063,10427,20212,1
14,Louis C.K. Stand-Up Monologue - SNL,4Lsa7N7LHJk,www.youtube.com/watch?v=4Lsa7N7LHJk,Saturday Night Live,2017-04-09 01:00:00,9:46,1265253,17114,1178,,1
15,UFC 210: Post-fight Press Conference,iGkg4RENSuw,www.youtube.com/watch?v=iGkg4RENSuw,UFC - Ultimate Fighting Championship,2017-04-09 03:09:44,1:28:25,390284,3101,293,1307,1
16,Donald Trump at the Mine Cold Open - SNL,CL7kenX3Vu8,www.youtube.com/watch?v=CL7kenX3Vu8,Saturday Night Live,2017-04-09 02:31:42,5:27,2180823,23096,2469,,1
17,Chris Weidman vs. Gegard Mousasi | UFC 210 HIGHLIGHTS,qRl98IVP92Y,www.youtube.com/watch?v=qRl98IVP92Y,UFC ON FOX,2017-04-09 02:04:36,3:51,222923,876,146,529,1
18,The O'Reilly Factor with Donald Trump - SNL,7yq2CXkrZpo,www.youtube.com/watch?v=7yq2CXkrZpo,Saturday Night Live,2017-04-09 01:18:51,5:06,4191987,32844,5504,,1
19,Strange man opens a lot of boxes - Bad Unboxing Fan Mail,Nrn8aTlT194,www.youtube.com/watch?v=Nrn8aTlT194,iDubbbzTV,2017-04-08 16:00:01,9:46,1999175,139149,2635,17258,1
20,"Found Lost iPhone, Fishing Pole and Swimbaits Underwater in River! (Scuba Diving)",dPTglkp4Lpw,www.youtube.com/watch?v=dPTglkp4Lpw,DALLMYD,2017-04-08 22:42:10,13:43,1757937,100420,1425,11002,1
21,DIY GIANT KFC DRUMSTICK *DO NOT ATTEMPT*,7LVo3UUMu0k,www.youtube.com/watch?v=7LVo3UUMu0k,HellthyJunkFood,2017-04-09 09:00:00,11:04,460329,11911,2294,,1
22,"$2 Pizza Vs. $2,000 Pizza ‚Ä¢ New York City",bcdJgjNDsto,www.youtube.com/watch?v=bcdJgjNDsto,BuzzFeedVideo,2017-04-09 11:00:09,15:46,4852628,140507,4477,31995,1
23,SCARY INSTANT FIRE NOODLE CHALLENGE!!! (EXTREMELY SPICY üî•),bmSvyfWqUC4,www.youtube.com/watch?v=bmSvyfWqUC4,DavidParodyPlays,2017-04-08 19:00:02,5:58,301205,31327,364,3678,1
24,What's inside a Kookaburra Cricket Ball?,ebab3e15Nug,www.youtube.com/watch?v=ebab3e15Nug,What's Inside?,2017-04-09 10:00:03,9:34,383659,8020,918,2989,1
25,Gerrymandering: Last Week Tonight with John Oliver (HBO),A-4dIImaodQ,www.youtube.com/watch?v=A-4dIImaodQ,LastWeekTonight,2017-04-10 02:30:00,19:34,2487819,59219,2305,8795,1
26,John Oliver Ad on ‚ÄòThe O‚ÄôReilly Factor‚Äô to Educate Donald Trump,dDRvTipbeqw,www.youtube.com/watch?v=dDRvTipbeqw,WorldWide,2017-04-10 01:00:14,1:37,418625,4106,1527,1282,1
27,Anne Hathaway & Jason Sudeikis Answer the Web's Most Searched Questions | WIRED,eMg33JC5NUI,www.youtube.com/watch?v=eMg33JC5NUI,WIRED,2017-04-10 06:00:54,7:10,971175,15191,612,,1
28,I Tried The Diva Cup,Azv9r2e97xo,www.youtube.com/watch?v=Azv9r2e97xo,Safiya Nygaard,2017-04-09 17:36:46,13:09,957183,47912,550,9256,1
29,3 Cool Gadgets Under $10,pLaOzEapKAw,www.youtube.com/watch?v=pLaOzEapKAw,Unbox Therapy,2017-04-09 15:30:20,7:01,1668076,57739,1381,4451,1
30,How to sound smarter without actually being smarter: Pause,GVziJ36gjys,www.youtube.com/watch?v=GVziJ36gjys,The Package Boy,2017-04-09 15:12:16,0:55,139297,1929,291,303,1
31,"Chinese Farmers Market Tour in Szechuan, China |  BEST Street Food + SPICY Szechuan Sauce in China",V9FpUSigyX8,www.youtube.com/watch?v=V9FpUSigyX8,The Food Ranger,2017-04-09 22:00:11,16:32,198733,7059,129,2924,1
32,The algorithm that could help end partisan gerrymandering,gRCZR_BbjTo,www.youtube.com/watch?v=gRCZR_BbjTo,Vox,2017-04-10 08:58:11,3:19,129049,6019,193,,0
33,Distraught parents await news outside school,KFPXsP-2kGo,www.youtube.com/watch?v=KFPXsP-2kGo,CNN,2017-04-10 15:47:58,1:35,7200,542,258,844,0
34,Tyrese & Ludacris Keep It All The Way 100 With The Breakfast Club,PKsAVMTp47Q,www.youtube.com/watch?v=PKsAVMTp47Q,Breakfast Club Power 105.1 FM,2017-04-10 08:40:39,39:58,343976,5797,320,,0
35,Sense8 | Season 2 Official Trailer [HD] | Netflix,V8vd0AjdNbQ,www.youtube.com/watch?v=V8vd0AjdNbQ,Netflix US & Canada,2017-04-10 10:30:32,1:42,168304,6676,172,1124,0
36,"The Voice 2017 Knockout - Aliyah Moulden: ""Before He Cheats""",c8y0AYXpyE0,www.youtube.com/watch?v=c8y0AYXpyE0,The Voice,2017-04-10 22:00:01,2:11,11376,1236,29,,0
37,Multiple people shot at San Bernardino school,-9lDgT_uNwQ,www.youtube.com/watch?v=-9lDgT_uNwQ,Fox News,2017-04-10 16:02:36,7:25,108274,525,136,1304,0
38,Nick and Peta‚Äôs Rumba  -  Dancing with the Stars,wsXMuTvysoM,www.youtube.com/watch?v=wsXMuTvysoM,Dancing With The Stars,2017-04-10 22:44:17,3:50,17251,289,16,62,0
39,"The Voice 2017 Knockout - Vanessa Ferguson: ""If I Were Your Woman""",hqDvUAzo1ow,www.youtube.com/watch?v=hqDvUAzo1ow,The Voice,2017-04-10 22:00:01,2:12,117125,3581,49,,0
